Iteration,QD-Score,Coverage,Maximum,Average
1,5993.852191239857,0.00051,333.78631300148555,117.5265135537227
2,13297.87515661609,0.00071,428.0488128615543,187.29401629036747
3,21943.57107274366,0.00084,623.6900958588813,261.23298896123407
4,36311.519108791224,0.00102,981.2824478163384,355.99528538030614
5,47347.40615023109,0.00109,1302.5618743971222,434.3798729378999
6,55249.73198280935,0.00112,1612.9788055628537,493.30117841794066
7,69494.267555333,0.0012,2197.9439239712433,579.1188962944417
8,76355.15756605435,0.00121,2572.8595886270514,631.034360050036
9,89225.29588692197,0.00125,3047.8683777115775,713.8023670953758
10,102438.59209627371,0.00127,3240.8678589747287,806.603087372234
11,119732.93386079086,0.00131,3243.7220764011377,913.9918615327547
12,134230.060530138,0.00134,3271.3524780010803,1001.7168696278956
13,139659.59578055108,0.00134,3616.0781859681474,1042.2357894070976
14,158568.30218570353,0.00138,3807.414276187867,1149.0456680123445
15,166107.75798767997,0.00139,3898.4582214423453,1195.0198416379853
16,181769.28190543802,0.00141,4146.831481933443,1289.143843300979
17,198633.67363440077,0.00144,4339.995025608689,1379.4005113500052
18,204649.87332396445,0.00145,4583.624481197912,1411.3784367169962
19,207622.89168029357,0.00145,4714.687438932992,1431.8820115882315
20,212665.75402707868,0.00146,4714.687438932992,1456.614753610128
21,226586.60474461748,0.00154,4714.687438932992,1471.3415892507628
22,231230.1581962531,0.00155,4714.687438932992,1491.8074722338908
23,233484.75120603287,0.00155,5010.110626172437,1506.3532335873088
24,238863.56827426303,0.00155,5538.452728294465,1541.0552791887937
25,241145.9555268487,0.00155,5554.34350584331,1555.7803582377335
26,243895.2966866596,0.00155,5555.993011407694,1573.5180431397393
27,245337.53537230444,0.00155,5940.363647459861,1582.822808853577
28,250647.4285188162,0.00156,6189.200012189988,1606.714285377027
29,259540.79728006088,0.00159,6386.2235107227,1632.3320583651628
30,262443.1553046156,0.0016,6386.2235107227,1640.2697206538476
31,266306.1775519075,0.0016,6654.84252927471,1664.4136096994218
32,268072.76980661176,0.0016,6786.94921878007,1675.4548112913235
33,270171.99947424233,0.0016,6786.94921878007,1688.5749967140146
34,276983.3555410532,0.00161,6854.8231200850805,1720.3935126773492
35,281883.96334729204,0.00164,6854.8231200850805,1718.8046545566588
36,282088.26043586835,0.00164,6854.8231200850805,1720.0503685113924
37,282881.1396529407,0.00164,6854.8231200850805,1724.8849978837845
38,283109.8337981845,0.00164,6854.8231200850805,1726.279474379174
39,300493.0059068931,0.00242,6854.8231200850805,1241.706635978897
40,310807.84245150664,0.00274,6854.8231200850805,1134.3351914288564
41,320592.57561676024,0.00312,6854.8231200850805,1027.5403064639752
42,326937.04543461325,0.00328,6854.8231200850805,996.7592848616257
43,331829.60441462375,0.0034,6854.8231200850805,975.9694247488934
44,334138.2355829925,0.00349,6854.8231200850805,957.4161478022708
45,341479.1461496684,0.00391,6854.8231200850805,873.3481998712746
46,342374.33163011924,0.00392,6854.8231200850805,873.403907219692
47,344819.3015582201,0.00394,6854.8231200850805,875.1758922797464
48,346781.0941888153,0.00398,6854.8231200850805,871.3092818814454
49,347685.1360102257,0.00399,6854.8231200850805,871.3913183213676
50,347872.07272859087,0.00429,6854.8231200850805,810.8906124209577
51,350970.19828525715,0.00454,6854.8231200850805,773.0621107604783
52,351441.5081936677,0.00455,6854.8231200850805,772.3989191069619
53,355136.56529942993,0.0046,6854.8231200850805,772.0360115204999
54,355327.9324495007,0.0046,6854.8231200850805,772.452027064132
55,355342.6791591483,0.0046,6854.8231200850805,772.4840851285833
56,356894.0708136922,0.00468,6854.8231200850805,762.5941684053251
57,357499.70278877055,0.00469,6854.8231200850805,762.259494219127
58,358057.18949858716,0.00475,6854.8231200850805,753.8046094707098
59,359966.962780573,0.00484,6854.8231200850805,743.7333941747376
60,362899.8733075756,0.00496,6854.8231200850805,731.6529703781766
61,366610.1915007371,0.00514,6854.8231200850805,713.2493998068816
62,370554.9979971915,0.00536,6854.8231200850805,691.3339514872976
63,372903.0992120358,0.00545,6854.8231200850805,684.2258701138272
64,378754.1512236647,0.00578,6854.8231200850805,655.2839986568594
65,379856.44899269234,0.00581,6854.8231200850805,653.7976746862174
66,381037.68364486337,0.00585,6854.8231200850805,651.3464677689972
67,381150.82068540517,0.00587,6854.8231200850805,649.3199670960905
68,383106.09232476755,0.00592,6854.8231200850805,647.1386694675127
69,383568.5978026978,0.00597,6854.8231200850805,642.4934636561102
70,383705.26713288046,0.00597,6854.8231200850805,642.7223905073374
71,383705.26713288046,0.00597,6854.8231200850805,642.7223905073374
72,385609.8316742637,0.00599,6854.8231200850805,643.7559794228108
73,386327.7290394143,0.00599,6854.8231200850805,644.9544725198904
74,398185.60669230967,0.00672,6854.8231200850805,592.5381051968894
75,406589.80013315816,0.00714,6854.8231200850805,569.4535015870563
76,410468.1344539246,0.00774,6854.8231200850805,530.3205871497734
77,412196.8800419801,0.00781,6854.8231200850805,527.7808963405636
78,415781.2647852882,0.00797,6854.8231200850805,521.6828918259575
79,417388.3807056738,0.00802,6854.8231200850805,520.4343899073239
80,419278.7488917295,0.00808,6854.8231200850805,518.909342687784
81,419670.3470349185,0.00809,6854.8231200850805,518.7519740851898
82,419770.9157328435,0.00809,6854.8231200850805,518.8762864435643
83,420316.7070588109,0.00809,6854.8231200850805,519.5509357958108
84,421695.5169705419,0.00827,6854.8231200850805,509.90993587731793
85,421726.83708962833,0.00838,6854.8231200850805,503.2539822071937
86,424616.54055164894,0.00851,6854.8231200850805,498.96185728748407
87,428149.96283675573,0.00872,6854.8231200850805,490.99766380361893
88,434566.1421650631,0.00927,6854.8231200850805,468.787639876012
89,438070.9968103794,0.00928,6854.8231200850805,472.05926380428815
90,439786.2162344194,0.00932,6854.8231200850805,471.8736225691195
91,441588.04416441644,0.00943,6854.8231200850805,468.2800044161362
92,443585.20805707097,0.00965,6854.8231200850805,459.67379073271604
93,459220.4750905384,0.01038,6854.8231200850805,442.4089355400177
94,464117.6876044973,0.01054,6854.8231200850805,440.33936205360277
95,464224.61999243975,0.01055,6854.8231200850805,440.0233364857249
96,465354.10130358447,0.01105,6854.8231200850805,421.13493330641126
97,466397.9289661945,0.01149,6854.8231200850805,405.91638726387686
98,468602.987847645,0.01186,6854.8231200850805,395.1121314061088
99,473349.0227009048,0.01204,6854.8231200850805,393.1470288213495
100,477706.98449430964,0.01244,6854.8231200850805,384.0088299793486
101,483342.3664786963,0.01278,6854.8231200850805,378.2021646938156
102,485929.2745830998,0.01296,6854.8231200850805,374.9454279190585
103,487803.20178975165,0.01304,6854.8231200850805,374.082209961466
104,489210.96570931614,0.01311,6854.8231200850805,373.15863135722054
105,489452.8099056233,0.01315,6854.8231200850805,372.2074600042763
106,490402.3474503,0.01333,6854.8231200850805,367.89373402123033
107,495169.6622708778,0.01357,6854.8231200850805,364.9002669645378
108,498111.6887188607,0.01364,6854.8231200850805,365.18452252115884
109,499031.91119639407,0.01369,6854.8231200850805,364.52294462848363
110,498645.87925589323,0.01395,6854.8231200850805,357.4522431941887
111,498872.1016723863,0.014,6854.8231200850805,356.3372154802759
112,499754.9303457032,0.01403,6854.8231200850805,356.20451200691605
113,503917.7003359099,0.01423,6854.8231200850805,354.12347177505967
114,503762.4013378871,0.01428,6854.8231200850805,352.7747908528621
115,503770.9618020685,0.01428,6854.8231200850805,352.78078557567824
116,505766.930541529,0.01436,6854.8231200850805,352.20538338546584
117,507704.6488713997,0.01447,6854.8231200850805,350.8670690196266
118,507938.8608670352,0.01449,6854.8231200850805,350.54441743756746
119,508035.9757471176,0.01449,6854.8231200850805,350.6114394390045
120,513358.554601084,0.01463,6854.8231200850805,350.8944323999207
121,515147.1097576719,0.01465,6854.8231200850805,351.6362523943153
122,515674.15500310936,0.01466,6854.8231200850805,351.75590382203916
123,516304.47943219566,0.01467,6854.8231200850805,351.9457937506446
124,516394.1875931117,0.01468,6854.8231200850805,351.7671577609753
125,524080.01032613154,0.01491,6854.8231200850805,351.49564743536655
126,524859.2574728326,0.01492,6854.8231200850805,351.7823441506921
127,525724.6305855745,0.01496,6854.8231200850805,351.4202076106782
128,526659.486870753,0.01501,6854.8231200850805,350.8724096407415
129,528960.6053212327,0.01506,6854.8231200850805,351.23546170068573
130,529500.533599755,0.0151,6854.8231200850805,350.66260503295035
131,530678.1401504161,0.01512,6854.8231200850805,350.97760591958735
132,530967.3466395319,0.01513,6854.8231200850805,350.9367790082828
133,531077.906653002,0.01513,6854.8231200850805,351.00985238136286
134,532916.3617924629,0.01514,6854.8231200850805,351.99231294086053
135,533054.8385116806,0.01514,6854.8231200850805,352.0837770882963
136,533081.0310783825,0.01514,6854.8231200850805,352.10107733050364
137,533269.1273655576,0.01516,6854.8231200850805,351.7606381039298
138,551958.376962056,0.01553,6854.8231200850805,355.4142800785937
139,601627.8731704234,0.0173,6854.8231200850805,347.7617763990887
140,649362.7760591289,0.01821,6854.8231200850805,356.5968017897468
141,712271.2709424421,0.01884,6854.8231200850805,378.06330729428987
142,739181.552549594,0.01898,6854.8231200850805,389.4528727869304
143,748535.6883713652,0.01899,6854.8231200850805,394.1736115699659
144,759571.65187782,0.01901,6854.8231200850805,399.5642566427249
145,765990.0815671469,0.01901,6854.8231200850805,402.9406005087569
146,767965.4045556368,0.01901,6854.8231200850805,403.9796972938647
147,775235.7244922463,0.01901,6854.8231200850805,407.8041685913973
148,782356.0252470634,0.01901,6854.8231200850805,411.54972395952836
149,793872.8287682427,0.01902,6854.8231200850805,417.3884483534399
150,806055.6227127309,0.01903,6854.8231200850805,423.57100510390484
151,815459.9462650453,0.01904,6854.8231200850805,428.28778690391033
152,815896.9860293869,0.01904,6854.8231200850805,428.5173245952662
153,816525.4414355328,0.01904,6854.8231200850805,428.8473957119395
154,819383.9162127406,0.01904,6854.8231200850805,430.3486954898848
155,821104.6335284985,0.01904,6854.8231200850805,431.25243357589204
156,830093.1397694779,0.01906,6854.8231200850805,435.5158131004606
157,833943.7088582035,0.01906,6854.8231200850805,437.53604871888956
158,841759.9670862193,0.01906,6854.8231200850805,441.63691872309516
159,841943.404883801,0.01906,6854.8231200850805,441.7331610093395
160,842481.7738870669,0.01906,6854.8231200850805,442.01562113697105
161,843524.9676310328,0.01906,6854.8231200850805,442.56294209393116
162,844166.0667064823,0.01906,6854.8231200850805,442.8993004755941
163,846469.0982998015,0.01906,6854.8231200850805,444.10760666306476
164,848285.3702342499,0.01906,6854.8231200850805,445.06053002846267
165,852336.0604882885,0.01906,6854.8231200850805,447.1857610116939
166,861781.4612948254,0.01906,6854.8231200850805,452.1413752858476
167,862295.3933818622,0.01906,6854.8231200850805,452.4110143661397
168,862608.3882397073,0.01906,6854.8231200850805,452.5752299263942
169,863320.2303875312,0.01906,6854.8231200850805,452.9487042956617
170,863413.0472515167,0.01906,6854.8231200850805,452.99740149607385
171,863744.867686121,0.01906,6854.8231200850805,453.1714940640719
172,886795.9194876109,0.0196,6854.8231200850805,452.4468976977607
173,903019.8907560024,0.02031,6854.8231200850805,444.618360785821
174,926087.9947141614,0.02116,6854.8231200850805,437.6597328516831
175,946000.6001333825,0.02161,6854.8231200850805,437.7605738701446
176,963461.101576083,0.02191,6854.8231200850805,439.73578346694796
177,992484.1221469109,0.02233,6854.8231200850805,444.462213231935
178,1015742.0384290401,0.02281,6854.8231200850805,445.30558458090314
179,1039896.3126122359,0.02419,6854.8231200850805,429.88685928575273
180,1058088.8200839802,0.02544,6854.8231200850805,415.91541669967773
181,1078026.577398077,0.02698,6854.8231200850805,399.5650768710441
182,1084618.169798839,0.02851,6854.8231200850805,380.4342931598874
183,1095815.350598889,0.02953,6854.8231200850805,371.08545567182153
184,1099886.602608732,0.03148,6854.8231200850805,349.39218634330746
185,1104262.019997114,0.0333,6854.8231200850805,331.61021621534957
186,1110676.3617508395,0.03438,6854.8231200850805,323.0588603114716
187,1116806.8115364867,0.03526,6854.8231200850805,316.73477354976933
188,1131250.491485807,0.0367,6854.8231200850805,308.2426407318276
189,1139915.1568320557,0.03775,6854.8231200850805,301.9642799555114
190,1139798.189038007,0.0385,6854.8231200850805,296.0514776722096
191,1145915.561466017,0.03951,6854.8231200850805,290.03177966743027
192,1151920.5243240264,0.0402,6854.8231200850805,286.5473941104543
193,1154019.3141056783,0.04077,6854.8231200850805,283.0560005164774
194,1159812.9104762448,0.04192,6854.8231200850805,276.6729271174248
195,1160631.4694099324,0.04307,6854.8231200850805,269.47561397955246
196,1163968.8762921796,0.04419,6854.8231200850805,263.40096770585643
197,1163875.427811687,0.04447,6854.8231200850805,261.72148140582124
198,1170928.2100292,0.04502,6854.8231200850805,260.090673040693
199,1172161.0474785974,0.0455,6854.8231200850805,257.61781263265874
200,1177278.93987128,0.04629,6854.8231200850805,254.32683946236335
201,1181074.9744064615,0.0471,6854.8231200850805,250.75901792069246
202,1186566.06131519,0.04781,6854.8231200850805,248.18365641396989
203,1189886.4776064588,0.04843,6854.8231200850805,245.69202510973753
204,1194046.177837793,0.0491,6854.8231200850805,243.18659426431628
205,1200188.2206562897,0.04991,6854.8231200850805,240.4704910150851
206,1213832.6814579098,0.05115,6854.8231200850805,237.3084421227585
207,1216745.025414662,0.05154,6854.8231200850805,236.0778085787082
208,1219637.784214953,0.05195,6854.8231200850805,234.771469531271
209,1220321.2700701628,0.05217,6854.8231200850805,233.91245353079603
210,1221465.9876241304,0.05284,6854.8231200850805,231.16313164726162
211,1223225.5441916499,0.05356,6854.8231200850805,228.3841568692401
212,1238285.033034929,0.05469,6854.8231200850805,226.41891260466795
213,1237792.9338026182,0.05537,6854.8231200850805,223.54938302377067
214,1239854.8734955848,0.05576,6854.8231200850805,222.35560858959556
215,1239385.3806298992,0.05605,6854.8231200850805,221.1213881587688
216,1243241.5758024198,0.05624,6854.8231200850805,221.0600241469452
217,1246154.8013176525,0.05662,6854.8231200850805,220.09092216843032
218,1251106.7640805382,0.0569,6854.8231200850805,219.878165919251
219,1255554.242394234,0.05721,6854.8231200850805,219.46412207555218
220,1256755.9572162444,0.05767,6854.8231200850805,217.92196240961408
221,1260145.051803774,0.05777,6854.8231200850805,218.13139203804292
222,1262231.8834178278,0.0579,6854.8231200850805,218.0020524037699
223,1273445.8569100357,0.05834,6854.8231200850805,218.28005774940618
224,1276404.3751667,0.05853,6854.8231200850805,218.07694774759952
225,1280370.665930453,0.05915,6854.8231200850805,216.46165104487793
226,1289804.6906632776,0.05998,6854.8231200850805,215.03912815326402
227,1296284.4031827014,0.06041,6854.8231200850805,214.58109637190887
228,1300893.1088854547,0.06064,6854.8231200850805,214.52722771857762
229,1323639.3923450906,0.06172,6854.8231200850805,214.45874794962583
230,1328124.924558312,0.06226,6854.8231200850805,213.319133401592
231,1332533.4714603424,0.06289,6854.8231200850805,211.88320423920217
232,1333551.1339800218,0.06302,6854.8231200850805,211.6076061536055
233,1335701.0472870865,0.06327,6854.8231200850805,211.11127663775667
234,1339124.8451976583,0.06336,6854.8231200850805,211.35177481023646
235,1341685.5268906564,0.06354,6854.8231200850805,211.15604766928809
236,1347274.3573881604,0.06396,6854.8231200850805,210.64327038589124
237,1349108.9632762624,0.0641,6854.8231200850805,210.46941704777885
238,1354789.3087835978,0.06464,6854.8231200850805,209.58993019548234
239,1356825.522748486,0.06517,6854.8231200850805,208.19787060740921
240,1360214.3551420423,0.06543,6854.8231200850805,207.8884846617824
241,1365674.7773753447,0.06604,6854.8231200850805,206.79509045659367
242,1366706.931006166,0.06615,6854.8231200850805,206.60724580592077
243,1369073.541025664,0.06642,6854.8231200850805,206.12368880241854
244,1367895.641439324,0.0669,6854.8231200850805,204.46870574578836
245,1369553.674944322,0.0673,6854.8231200850805,203.49980311208353
246,1372459.2592513785,0.06773,6854.8231200850805,202.63683142645482
247,1377274.704125021,0.06803,6854.8231200850805,202.45108101205656
248,1382702.416580138,0.06837,6854.8231200850805,202.23817706305954
249,1385331.0611028245,0.06848,6854.8231200850805,202.2971759788003
250,1386990.2841590333,0.06855,6854.8231200850805,202.33264539154388
251,1394193.7341703363,0.06889,6854.8231200850805,202.37969722315813
252,1396822.2428910995,0.06902,6854.8231200850805,202.3793455362358
253,1400650.7813732596,0.06934,6854.8231200850805,201.997516782991
254,1403070.5220650604,0.06969,6854.8231200850805,201.33025140838865
255,1404397.8101029706,0.07019,6854.8231200850805,200.08517026684294
256,1404893.9783872957,0.07032,6854.8231200850805,199.7858331039954
257,1408468.698963873,0.07056,6854.8231200850805,199.61291085088905
258,1410561.3824739067,0.07093,6854.8231200850805,198.86668299364257
259,1412806.4215816054,0.07116,6854.8231200850805,198.53940719246845
260,1413338.1873378537,0.07126,6854.8231200850805,198.335417813339
261,1414619.5256973328,0.07147,6854.8231200850805,197.93193307644225
262,1417727.5870003512,0.07202,6854.8231200850805,196.85192821443366
263,1424015.6768057202,0.07242,6854.8231200850805,196.63292968872136
264,1425119.8730169153,0.07262,6854.8231200850805,196.24344161620976
265,1424940.2994516664,0.07291,6854.8231200850805,195.43825256503447
266,1428273.613299045,0.07364,6854.8231200850805,193.95350533664381
267,1428024.2130804795,0.07471,6854.8231200850805,191.1423120171971
268,1427711.6852655709,0.07575,6854.8231200850805,188.47679013406875
269,1432939.8317841447,0.07641,6854.8231200850805,187.5330233980035
270,1434313.3155340566,0.07652,6854.8231200850805,187.44293198301838
271,1435370.60687552,0.07713,6854.8231200850805,186.0975764132659
272,1435991.2747280677,0.07775,6854.8231200850805,184.69341154058748
273,1433835.28879742,0.0786,6854.8231200850805,182.42179246786515
274,1430916.2931840552,0.07919,6854.8231200850805,180.69406404647748
275,1440569.543117793,0.08004,6854.8231200850805,179.98120228857985
276,1440593.1968219217,0.08032,6854.8231200850805,179.35672271189264
277,1441645.3559083848,0.08079,6854.8231200850805,178.4435395356337
278,1442410.4510663855,0.0815,6854.8231200850805,176.98287743145835
279,1439599.4752125,0.08193,6854.8231200850805,175.71090872848774
280,1440287.0515561667,0.08236,6854.8231200850805,174.87700965956373
281,1438327.8773519194,0.0828,6854.8231200850805,173.71109629854098
282,1441137.2279298103,0.08364,6854.8231200850805,172.30239453967124
283,1441947.1360732259,0.08378,6854.8231200850805,172.11114061509022
284,1439667.5806705086,0.08433,6854.8231200850805,170.71831859012315
285,1431700.5332850234,0.0853,6854.8231200850805,167.84296990445762
286,1429927.1380862438,0.08612,6854.8231200850805,166.0389152445708
287,1430292.5377282617,0.08689,6854.8231200850805,164.60956815839126
288,1427402.810155578,0.0874,6854.8231200850805,163.31839933130183
289,1427536.9997939705,0.0881,6854.8231200850805,162.03598181543364
290,1426203.9609487455,0.08879,6854.8231200850805,160.62664274678968
291,1428603.5166115,0.08947,6854.8231200850805,159.67402666944227
292,1419030.1848224525,0.09006,6854.8231200850805,157.56497721768292
293,1413939.825435576,0.09076,6854.8231200850805,155.78887455217892
294,1418504.5315158174,0.09172,6854.8231200850805,154.65596723896832
295,1417499.3714056348,0.09194,6854.8231200850805,154.17656856706927
296,1417694.8530783658,0.09234,6854.8231200850805,153.52987362771992
297,1419941.000107309,0.09295,6854.8231200850805,152.7639591293501
298,1407373.2147824983,0.09394,6854.8231200850805,149.81618211438135
299,1406930.5189251122,0.09507,6854.8231200850805,147.98890490429287
300,1408876.3470639153,0.09519,6854.8231200850805,148.0067598554381
301,1411302.0245069512,0.09566,6854.8231200850805,147.53314075966458
302,1411414.3942961504,0.0958,6854.8231200850805,147.32926871567332
303,1416571.8208361366,0.09697,6854.8231200850805,146.08351251275
304,1416070.1737836758,0.09702,6854.8231200850805,145.9565217257963
305,1416374.539535328,0.09745,6854.8231200850805,145.3437187824862
306,1415107.9935533972,0.09778,6854.8231200850805,144.7236647119449
307,1414419.8175498142,0.09785,6854.8231200850805,144.54980250892328
308,1413835.3899998488,0.098,6854.8231200850805,144.26891734692336
309,1409710.970896433,0.09814,6854.8231200850805,143.64285417734186
310,1416333.3806357023,0.09861,6854.8231200850805,143.62979217479995
311,1414645.0361495826,0.0992,6854.8231200850805,142.60534638604662
312,1412388.6022460202,0.09933,6854.8231200850805,142.19154356649756
313,1412080.7822266829,0.09935,6854.8231200850805,142.1319358054034
314,1412747.5082033079,0.09946,6854.8231200850805,142.0417764129608
315,1414988.0036273312,0.09961,6854.8231200850805,142.0528063073317
316,1400349.527514019,0.10014,6854.8231200850805,139.83917790233863
317,1396733.9931386523,0.10043,6854.8231200850805,139.07537520050306
318,1397454.0604421925,0.10049,6854.8231200850805,139.06399248106203
319,1402148.7468852971,0.10127,6854.8231200850805,138.4564774252293
320,1404003.749711917,0.10142,6854.8231200850805,138.4346036000707
321,1406866.2410556749,0.10158,6854.8231200850805,138.49835017283667
322,1407242.6366277821,0.10162,6854.8231200850805,138.48087351188568
323,1407043.8370384783,0.10168,6854.8231200850805,138.3796063177103
324,1405466.002600318,0.10197,6854.8231200850805,137.8313231931272
325,1413998.0588164157,0.10211,6854.8231200850805,138.4779217330737
326,1414102.4757437063,0.10211,6854.8231200850805,138.48814765877057
327,1415073.6196721068,0.1024,6854.8231200850805,138.1907831711042
328,1415715.3193362714,0.1024,6854.8231200850805,138.25344915393276
329,1416598.7399324768,0.10266,6854.8231200850805,137.9893570945331
330,1417111.15366017,0.10269,6854.8231200850805,137.99894377837862
331,1421293.7259407786,0.10298,6854.8231200850805,138.0164814469585
332,1420684.3901769277,0.10336,6854.8231200850805,137.45011514869657
333,1424664.7886764028,0.1038,6854.8231200850805,137.25094303240874
334,1427041.552610511,0.10392,6854.8231200850805,137.32116557068042
335,1427772.6767238837,0.10402,6854.8231200850805,137.25943825455525
336,1428348.1439807108,0.10416,6854.8231200850805,137.13019815483014
337,1435084.0661712985,0.10448,6854.8231200850805,137.35490679281187
338,1439625.9289756967,0.10471,6854.8231200850805,137.4869572128447
339,1440307.604839845,0.1051,6854.8231200850805,137.04163699713084
340,1449353.5717060368,0.10575,6854.8231200850805,137.05471127243848
341,1449861.013093962,0.10583,6854.8231200850805,136.99905632561297
342,1451574.9948684436,0.10613,6854.8231200850805,136.77329641651215
343,1477069.010174991,0.10682,6854.8231200850805,138.276447310896
344,1484083.6674671622,0.10694,6854.8231200850805,138.7772271803967
345,1486881.1380601043,0.10717,6854.8231200850805,138.74042531119755
346,1489257.0328132357,0.10732,6854.8231200850805,138.7678934786839
347,1486832.262747643,0.10779,6854.8231200850805,137.9378664762634
348,1488353.5472423169,0.10786,6854.8231200850805,137.9893887671349
349,1492741.6145623669,0.10821,6854.8231200850805,137.94858280772266
350,1493069.1846429408,0.1083,6854.8231200850805,137.8641906410841
351,1493025.945630301,0.10854,6854.8231200850805,137.55536628250425
352,1497058.5543224653,0.10878,6854.8231200850805,137.6225918663785
353,1497821.7633891534,0.10878,6854.8231200850805,137.69275265574126
354,1501672.7831663599,0.10929,6854.8231200850805,137.4025787506963
355,1503722.1812556547,0.10967,6854.8231200850805,137.11335654742908
356,1506925.001753224,0.10986,6854.8231200850805,137.1677591255438
357,1508980.235484475,0.10993,6854.8231200850805,137.26737337255298
358,1511664.1405688967,0.11014,6854.8231200850805,137.24933181123086
359,1513257.156928209,0.11024,6854.8231200850805,137.2693357155487
360,1517726.1802107415,0.11033,6854.8231200850805,137.56242003179023
361,1519130.9250829571,0.11057,6854.8231200850805,137.39087682761664
362,1520060.4177697464,0.11075,6854.8231200850805,137.2515049904963
363,1519951.530162165,0.11083,6854.8231200850805,137.14260851413562
364,1520154.095657768,0.11088,6854.8231200850805,137.09903460116954
365,1520663.80937763,0.11114,6854.8231200850805,136.82416856016107
366,1521572.4607227957,0.11134,6854.8231200850805,136.6600018612175
367,1522198.9149346373,0.11148,6854.8231200850805,136.5445743572513
368,1522853.280406952,0.11153,6854.8231200850805,136.54203177682703
369,1524558.7817551715,0.11167,6854.8231200850805,136.52357676682828
370,1528525.273573291,0.11183,6854.8231200850805,136.68293602551114
371,1532662.8542895322,0.11197,6854.8231200850805,136.88156240863913
372,1538557.4948269543,0.11226,6854.8231200850805,137.05304603838894
373,1539549.1090589792,0.11229,6854.8231200850805,137.10473853940505
374,1538401.7549941323,0.11243,6854.8231200850805,136.83196255395646
375,1539019.2408089992,0.11254,6854.8231200850805,136.75308697432015
376,1540266.4458840915,0.11262,6854.8231200850805,136.76668849974175
377,1541351.9781971136,0.11296,6854.8231200850805,136.4511312143337
378,1544832.121636719,0.11323,6854.8231200850805,136.43311151079388
379,1547036.118374693,0.11332,6854.8231200850805,136.51924800341448
380,1548362.4637226162,0.11349,6854.8231200850805,136.43162073509703
381,1552005.076732942,0.11371,6854.8231200850805,136.4880025268615
382,1552671.0904499267,0.11375,6854.8231200850805,136.49855740219135
383,1556539.3268148862,0.11397,6854.8231200850805,136.57447809203177
384,1557321.3893756112,0.114,6854.8231200850805,136.60713941891328
385,1557056.0000678888,0.1141,6854.8231200850805,136.46415425660726
386,1558500.6206235462,0.11428,6854.8231200850805,136.37562308571458
387,1559036.4887987503,0.11433,6854.8231200850805,136.36285216467684
388,1559196.4534894968,0.11481,6854.8231200850805,135.80667655165027
389,1560677.8712059066,0.11499,6854.8231200850805,135.72292122844652
390,1561161.2893873986,0.11504,6854.8231200850805,135.70595352811185
391,1563129.0161775341,0.11548,6854.8231200850805,135.3592843936209
392,1562759.6179888952,0.11556,6854.8231200850805,135.23361180243123
393,1563123.8194738387,0.11562,6854.8231200850805,135.1949333570177
394,1561763.4506494608,0.11591,6854.8231200850805,134.73931935548794
395,1563465.6416063595,0.11593,6854.8231200850805,134.86290361479854
396,1563710.401689085,0.11601,6854.8231200850805,134.79100092139342
397,1564102.3423870006,0.11611,6854.8231200850805,134.70866784833353
398,1562304.4315832267,0.11626,6854.8231200850805,134.3802194721509
399,1562429.2944872968,0.11627,6854.8231200850805,134.37940091917923
400,1563269.7447639778,0.11649,6854.8231200850805,134.19776330706307
401,1566522.7640069926,0.11668,6854.8231200850805,134.2580359964855
402,1566367.504499481,0.1167,6854.8231200850805,134.22172275059822
403,1569421.0894323888,0.11703,6854.8231200850805,134.10416896799015
404,1569178.0670724132,0.11705,6854.8231200850805,134.06049270161583
405,1568966.492401012,0.11711,6854.8231200850805,133.97374198625326
406,1568428.870113563,0.1172,6854.8231200850805,133.8249889175395
407,1569395.5141838812,0.11732,6854.8231200850805,133.77050069756913
408,1584309.2446401247,0.11783,6854.8231200850805,134.45720484088304
409,1583432.8878807507,0.11792,6854.8231200850805,134.28026525447342
410,1582343.0014337099,0.11803,6854.8231200850805,134.0627807704575
411,1583611.5109535733,0.11804,6854.8231200850805,134.15888774598216
412,1585833.009553018,0.11811,6854.8231200850805,134.2674633437489
413,1585479.6073887725,0.11815,6854.8231200850805,134.19209542012464
414,1583663.4865853256,0.11831,6854.8231200850805,133.85711153624592
415,1585214.3925876087,0.11835,6854.8231200850805,133.94291445607172
416,1585588.2034743093,0.11838,6854.8231200850805,133.94054768324963
417,1585648.2730774665,0.11839,6854.8231200850805,133.9343080562097
418,1584267.964901504,0.11844,6854.8231200850805,133.76122635102197
419,1584351.5597188943,0.11847,6854.8231200850805,133.7344103755292
420,1586125.2037566206,0.11865,6854.8231200850805,133.68101169461616
421,1586694.0842296998,0.11869,6854.8231200850805,133.68388947929057
422,1585840.6289220564,0.11879,6854.8231200850805,133.4995057599172
423,1585842.5506514157,0.11879,6854.8231200850805,133.49966753526525
424,1586473.4046557003,0.11882,6854.8231200850805,133.51905442313586
425,1586547.4414391147,0.11884,6854.8231200850805,133.50281398848156
426,1586652.45530122,0.11884,6854.8231200850805,133.5116505638859
427,1587433.9104021739,0.11898,6854.8231200850805,133.42023116508437
428,1587862.235882774,0.11903,6854.8231200850805,133.40017103946687
429,1587630.6024608593,0.11914,6854.8231200850805,133.25756273802747
430,1588400.2304052042,0.11917,6854.8231200850805,133.28859867459965
431,1588380.2047710933,0.11927,6854.8231200850805,133.1751659907012
432,1589317.3819320188,0.11933,6854.8231200850805,133.1867411323237
433,1591478.0304669214,0.11975,6854.8231200850805,132.900044297864
434,1593162.4246414625,0.11982,6854.8231200850805,132.9629798565734
435,1593162.4246414625,0.11982,6854.8231200850805,132.9629798565734
436,1593226.4158479045,0.11983,6854.8231200850805,132.95722405473626
437,1594603.285149795,0.12,6854.8231200850805,132.88360709581625
438,1594813.5979668363,0.12001,6854.8231200850805,132.89005899232032
439,1595359.2180000138,0.12003,6854.8231200850805,132.91337315671197
440,1595680.3276335383,0.12007,6854.8231200850805,132.89583806392423
441,1595413.389963497,0.12015,6854.8231200850805,132.78513441227608
442,1596684.0138065245,0.1202,6854.8231200850805,132.83560846976076
443,1596733.1580477778,0.12023,6854.8231200850805,132.80655061530214
444,1597715.2089748927,0.1203,6854.8231200850805,132.81090681420554
445,1597787.8813565578,0.12032,6854.8231200850805,132.79487045849052
446,1597846.7108697402,0.12036,6854.8231200850805,132.75562569539218
447,1597163.993305698,0.12053,6854.8231200850805,132.51173926040804
448,1597811.87614544,0.12073,6854.8231200850805,132.34588554174107
449,1599403.4568761273,0.12094,6854.8231200850805,132.2476812366568
450,1600970.9892046251,0.12136,6854.8231200850805,131.91916522780366
451,1602472.7912333205,0.12179,6854.8231200850805,131.57671329610974
452,1601736.1047291015,0.12188,6854.8231200850805,131.41910934764536
453,1603380.3260409373,0.12204,6854.8231200850805,131.38154097352813
454,1604217.9045897138,0.12216,6854.8231200850805,131.32104654467204
455,1607730.566994854,0.12253,6854.8231200850805,131.21117824164318
456,1609440.030485044,0.12267,6854.8231200850805,131.20078507255596
457,1614755.7954856255,0.123,6854.8231200850805,131.28095898257118
458,1614232.773214217,0.12329,6854.8231200850805,130.92974071005085
459,1615056.5399986042,0.12366,6854.8231200850805,130.6046045607799
460,1616575.7935211633,0.1238,6854.8231200850805,130.57962790962546
461,1616229.2732582036,0.12394,6854.8231200850805,130.4041692156046
462,1618095.6500768631,0.12413,6854.8231200850805,130.35492226511425
463,1618542.2884021718,0.12424,6854.8231200850805,130.27545785593784
464,1619923.1327818143,0.12433,6854.8231200850805,130.29221690515678
465,1623051.3735308223,0.12447,6854.8231200850805,130.3969931333512
466,1623879.3488815206,0.12452,6854.8231200850805,130.41112663680698
467,1629759.013978871,0.12463,6854.8231200850805,130.76779378792193
468,1629636.7674460306,0.12471,6854.8231200850805,130.67410532002492
469,1630045.9996574987,0.12484,6854.8231200850805,130.57081061018093
470,1631137.6319216937,0.12487,6854.8231200850805,130.62686249072584
471,1635574.460108339,0.12512,6854.8231200850805,130.7204651621115
472,1635767.4460944883,0.12516,6854.8231200850805,130.69410723030427
473,1635480.3038007363,0.12527,6854.8231200850805,130.55642243160665
474,1636518.1773982735,0.12542,6854.8231200850805,130.48303120700635
475,1638938.6313016256,0.12552,6854.8231200850805,130.571911352902
476,1641067.6516324629,0.12561,6854.8231200850805,130.64785061957352
477,1642449.9862159726,0.12563,6854.8231200850805,130.73708399394832
478,1642684.2085401705,0.12567,6854.8231200850805,130.71410905865923
479,1644325.320355706,0.1258,6854.8231200850805,130.70948492493687
480,1644675.296736596,0.12584,6854.8231200850805,130.69574831028257
481,1646910.8336682795,0.12589,6854.8231200850805,130.82141819590748
482,1647974.9927287146,0.12617,6854.8231200850805,130.61543891009865
483,1648360.3069820642,0.12621,6854.8231200850805,130.60457229871358
484,1648803.8917014257,0.12625,6854.8231200850805,130.59832805555845
485,1648400.2632695846,0.1263,6854.8231200850805,130.5146685090724
486,1649421.6428828028,0.12634,6854.8231200850805,130.55419050837443
487,1649451.8033410436,0.12637,6854.8231200850805,130.52558386808923
488,1650193.6202070697,0.12652,6854.8231200850805,130.42946729426728
489,1650217.0755023453,0.12657,6854.8231200850805,130.37979580487834
490,1649718.0545649482,0.12662,6854.8231200850805,130.28890021836582
491,1649676.2246325875,0.12663,6854.8231200850805,130.27530795487542
492,1654151.0636668962,0.12696,6854.8231200850805,130.28915120249656
493,1656935.8496057575,0.12729,6854.8231200850805,130.17015080570016
494,1660506.8903256964,0.12749,6854.8231200850805,130.2460499118124
495,1667940.4112435293,0.12802,6854.8231200850805,130.2874872085244
496,1669759.8076387332,0.1282,6854.8231200850805,130.24647485481538
497,1676206.136193597,0.12857,6854.8231200850805,130.37303695991267
498,1678752.0050419793,0.12896,6854.8231200850805,130.17617905102196
499,1679429.306958894,0.12932,6854.8231200850805,129.86616973081456
500,1681975.5871685594,0.12962,6854.8231200850805,129.7620419046875
501,1690907.501618586,0.13014,6854.8231200850805,129.92988332707745
502,1692808.9847721697,0.13048,6854.8231200850805,129.7370466563588
503,1696766.5110221014,0.13076,6854.8231200850805,129.76189285883308
504,1698197.872116109,0.13107,6854.8231200850805,129.56419257771486
505,1702077.4317083138,0.13143,6854.8231200850805,129.50448388559033
506,1702776.6832843197,0.13162,6854.8231200850805,129.3706642823522
507,1707862.0929814128,0.13196,6854.8231200850805,129.42271089583303
508,1709950.3705247806,0.13219,6854.8231200850805,129.3555012122536
509,1711494.669625201,0.13238,6854.8231200850805,129.28649868750574
510,1713821.9393276493,0.13251,6854.8231200850805,129.33529087070028
511,1715712.4832466852,0.13272,6854.8231200850805,129.27309246885815
512,1719363.8743067728,0.13286,6854.8231200850805,129.41170211551804
513,1722161.0954650838,0.13295,6854.8231200850805,129.53449382964152
514,1722905.3548369168,0.13301,6854.8231200850805,129.53201675339574
515,1723946.1874001303,0.13332,6854.8231200850805,129.30889494450423
516,1726837.2728359576,0.13356,6854.8231200850805,129.29299736717263
517,1733543.7898847552,0.13392,6854.8231200850805,129.4462208695307
518,1738096.482077532,0.13403,6854.8231200850805,129.6796599326667
519,1739332.3880477124,0.13406,6854.8231200850805,129.7428306763921
520,1739504.4182396084,0.13406,6854.8231200850805,129.7556630045956
521,1739349.7691892623,0.13411,6854.8231200850805,129.69575491680428
522,1741067.7739106433,0.13416,6854.8231200850805,129.77547509769255
523,1741130.9248868248,0.13425,6854.8231200850805,129.69317876251955
524,1742094.5044086983,0.13432,6854.8231200850805,129.69732760636526
525,1745881.6861238952,0.13444,6854.8231200850805,129.86326138975716
526,1748373.7303436664,0.13454,6854.8231200850805,129.95196449707643
527,1749448.488103288,0.13473,6854.8231200850805,129.8484738442283
528,1751745.3147140914,0.13483,6854.8231200850805,129.92251833524375
529,1757278.8881958607,0.13502,6854.8231200850805,130.14952512189754
530,1758090.2638552869,0.13502,6854.8231200850805,130.20961811992942
531,1765257.936596169,0.1351,6854.8231200850805,130.66305970363945
532,1765646.977110658,0.1351,6854.8231200850805,130.69185618879777
533,1765795.8848464955,0.13511,6854.8231200850805,130.69320441466178
534,1767184.710639184,0.13522,6854.8231200850805,130.68959552131224
535,1767528.102253316,0.13522,6854.8231200850805,130.7149905526783
536,1767805.9130171274,0.13523,6854.8231200850805,130.72586800392867
537,1768509.307309493,0.13525,6854.8231200850805,130.75854397852075
538,1768698.7643920698,0.13526,6854.8231200850805,130.76288366051085
539,1769493.330203827,0.13536,6854.8231200850805,130.72498006824964
540,1771867.005695448,0.13553,6854.8231200850805,130.73614739876396
541,1772142.6252758084,0.13554,6854.8231200850805,130.74683674751427
542,1774529.3934957315,0.13565,6854.8231200850805,130.81676325069898
543,1774876.555001475,0.13565,6854.8231200850805,130.84235569491153
544,1774911.978817495,0.13565,6854.8231200850805,130.84496710781386
545,1775694.153948619,0.13575,6854.8231200850805,130.80619918590196
546,1777293.7627673033,0.13591,6854.8231200850805,130.76990381629778
547,1777512.3034609028,0.13592,6854.8231200850805,130.77636134938956
548,1777980.6870951396,0.13592,6854.8231200850805,130.81082159322688
549,1777965.2792503808,0.13594,6854.8231200850805,130.7904427872871
550,1781240.8266726756,0.13603,6854.8231200850805,130.9447053350493
551,1781313.5483336435,0.13603,6854.8231200850805,130.95005133673774
552,1782043.9901746456,0.13604,6854.8231200850805,130.99411865441382
553,1789276.9174464263,0.13644,6854.8231200850805,131.14020209956217
554,1789974.3354025262,0.13646,6854.8231200850805,131.17208965283058
555,1794261.8889533589,0.13649,6854.8231200850805,131.4573880103567
556,1794713.355907784,0.13652,6854.8231200850805,131.4615701661137
557,1795821.8804088614,0.13658,6854.8231200850805,131.48498172564516
558,1796334.5552441892,0.13664,6854.8231200850805,131.46476545990845
559,1800989.339046416,0.13677,6854.8231200850805,131.68014469886788
560,1800953.8638320088,0.13682,6854.8231200850805,131.62943018798487
561,1807989.153076085,0.13714,6854.8231200850805,131.8352889803183
562,1813177.0850377816,0.13722,6854.8231200850805,132.13650233477495
563,1812980.7324361536,0.13728,6854.8231200850805,132.06444729284337
564,1813660.0436232623,0.13732,6854.8231200850805,132.07544739464478
565,1817755.7166654544,0.13744,6854.8231200850805,132.25812839533282
566,1817955.3175051366,0.13744,6854.8231200850805,132.2726511572422
567,1818466.5876446685,0.13756,6854.8231200850805,132.1944306226133
568,1819696.2465817367,0.13761,6854.8231200850805,132.23575660066396
569,1819743.0813250311,0.13776,6854.8231200850805,132.09517140861144
570,1822073.9673633163,0.13783,6854.8231200850805,132.19719708070204
571,1823672.5226458036,0.13791,6854.8231200850805,132.2364239464726
572,1824702.1220842171,0.13795,6854.8231200850805,132.27271635260726
573,1825268.0519096348,0.13802,6854.8231200850805,132.2466346840773
574,1828010.320947092,0.13805,6854.8231200850805,132.4165390037734
575,1826552.422809617,0.13826,6854.8231200850805,132.10996837911304
576,1827719.0999237597,0.1383,6854.8231200850805,132.15611713114677
577,1831995.4919279586,0.13846,6854.8231200850805,132.3122556643044
578,1837549.4577763148,0.1386,6854.8231200850805,132.57932595788708
579,1839848.6755034095,0.13874,6854.8231200850805,132.61126391115823
580,1841261.5775507006,0.13879,6854.8231200850805,132.66529127103541
581,1842199.0613293855,0.13881,6854.8231200850805,132.71371380515708
582,1845147.3516944244,0.13892,6854.8231200850805,132.82085744992978
583,1845859.6405624994,0.13907,6854.8231200850805,132.72881574476878
584,1846918.140743682,0.13912,6854.8231200850805,132.75719815581382
585,1848777.8172398575,0.1392,6854.8231200850805,132.8144983649323
586,1854109.0014133647,0.1393,6854.8231200850805,133.10186657669524
587,1855108.7014799688,0.13932,6854.8231200850805,133.15451489233195
588,1855851.6193331764,0.13935,6854.8231200850805,133.17916177489604
589,1858230.8812665625,0.13962,6854.8231200850805,133.0920270209542
590,1858244.9454293556,0.14013,6854.8231200850805,132.60864521725225
591,1853856.7360693635,0.14035,6854.8231200850805,132.08811799567962
592,1853941.8247674392,0.14044,6854.8231200850805,132.00952896378803
593,1858646.8766574846,0.14081,6854.8231200850805,131.99679544474714
594,1858819.6641448862,0.14083,6854.8231200850805,131.99031911843258
595,1867623.5826687303,0.14118,6854.8231200850805,132.28669660495328
596,1872353.200120922,0.14134,6854.8231200850805,132.47157210421125
597,1874744.481039909,0.14138,6854.8231200850805,132.6032310821834
598,1876721.3180042752,0.14141,6854.8231200850805,132.71489413791636
599,1882625.2165711932,0.14167,6854.8231200850805,132.88806497996706
600,1890111.5049949307,0.14183,6854.8231200850805,133.2659878019411
601,1894575.0970718064,0.14218,6854.8231200850805,133.25187066196415
602,1887234.4457929386,0.14275,6854.8231200850805,132.20556537954036
603,1888530.8633149182,0.14283,6854.8231200850805,132.22228266575078
604,1889618.3964142385,0.14288,6854.8231200850805,132.25212740861133
605,1890023.2407753435,0.14294,6854.8231200850805,132.22493639116718
606,1897705.396549153,0.14321,6854.8231200850805,132.51207293828315
607,1898730.4980620479,0.14323,6854.8231200850805,132.5651398493366
608,1906914.1052176459,0.14347,6854.8231200850805,132.9137872180697
609,1907887.0216037312,0.14364,6854.8231200850805,132.82421481507458
610,1906908.9097316489,0.14399,6854.8231200850805,132.4334266082123
611,1908465.3112797523,0.14411,6854.8231200850805,132.43115059883092
612,1909689.5562536123,0.14427,6854.8231200850805,132.36913816133725
613,1910469.7111025578,0.1444,6854.8231200850805,132.30399661375054
614,1914402.3402717665,0.14456,6854.8231200850805,132.42960295183775
615,1921418.3798061896,0.14517,6854.8231200850805,132.35643588938413
616,1926520.4008332468,0.14558,6854.8231200850805,132.33413936208592
617,1927204.1619384836,0.14559,6854.8231200850805,132.37201469458643
618,1928981.7897527574,0.1458,6854.8231200850805,132.30327776082012
619,1929259.1154618142,0.14595,6854.8231200850805,132.18630458799686
620,1930195.0893452307,0.14602,6854.8231200850805,132.18703529278392
621,1932436.8849637515,0.14611,6854.8231200850805,132.25904352636724
622,1956239.5374395195,0.14642,6854.8231200850805,133.60466722029227
623,1953560.387277442,0.14691,6854.8231200850805,132.97667873374462
624,1959097.158613167,0.14739,6854.8231200850805,132.91927258383654
625,1963139.4251172445,0.14749,6854.8231200850805,133.10322226030542
626,1969786.188306953,0.14769,6854.8231200850805,133.37302378677995
627,1974829.8667089932,0.14788,6854.8231200850805,133.54272834115454
628,1974933.30390434,0.1482,6854.8231200850805,133.26135653875437
629,1977044.792843947,0.1484,6854.8231200850805,133.2240426444708
630,1977624.0321059579,0.14845,6854.8231200850805,133.2181901048136
631,1982807.7535753709,0.14859,6854.8231200850805,133.44153399120876
632,1991004.8575039187,0.14877,6854.8231200850805,133.8310719569751
633,1993773.9515587362,0.14905,6854.8231200850805,133.76544458629562
634,1994799.198084222,0.14916,6854.8231200850805,133.7355321858556
635,1998823.3679409495,0.14963,6854.8231200850805,133.5843993812036
636,1996015.5104847346,0.1498,6854.8231200850805,133.2453611805564
637,1992446.155483878,0.15,6854.8231200850805,132.8297436989252
638,2006187.0346413096,0.15012,6854.8231200850805,133.63889119646348
639,2008628.1421180426,0.15036,6854.8231200850805,133.58793177161763
640,2011872.6343969859,0.15043,6854.8231200850805,133.74145013607563
641,2011370.2357844035,0.15047,6854.8231200850805,133.67250852558007
642,2020587.0014252567,0.15099,6854.8231200850805,133.82257112558824
643,2022436.0548774528,0.15104,6854.8231200850805,133.90069219262796
644,2026165.2007705541,0.15123,6854.8231200850805,133.97905182639386
645,2027672.9295857456,0.15133,6854.8231200850805,133.9901493151223
646,2034350.4953352234,0.15159,6854.8231200850805,134.20083747841042
647,2036477.4376764852,0.15166,6854.8231200850805,134.27914002878052
648,2040279.7958944826,0.15185,6854.8231200850805,134.36152755314342
649,2043277.8966257581,0.15192,6854.8231200850805,134.49696528605568
650,2050051.790961874,0.1523,6854.8231200850805,134.6061583034717
651,2057736.9449755307,0.15251,6854.8231200850805,134.92472263953385
652,2055266.2167654862,0.1528,6854.8231200850805,134.50695135899778
653,2059058.3584197713,0.15325,6854.8231200850805,134.35943611221998
654,2061893.2802884744,0.15336,6854.8231200850805,134.44791864165848
655,2062182.8079660523,0.15346,6854.8231200850805,134.37917424514873
656,2065052.6514657817,0.15352,6854.8231200850805,134.5135911585319
657,2065428.357148041,0.1536,6854.8231200850805,134.4679920018256
658,2066492.9562302793,0.15364,6854.8231200850805,134.50227520374116
659,2068744.4397560435,0.15384,6854.8231200850805,134.47376753484423
660,2073645.7115725428,0.15409,6854.8231200850805,134.5736719821236
661,2078744.5864905035,0.15427,6854.8231200850805,134.74716966944342
662,2086757.2520702532,0.15441,6854.8231200850805,135.14391892171835
663,2088430.669184055,0.15454,6854.8231200850805,135.13851877727805
664,2092112.1913462144,0.1547,6854.8231200850805,135.2367285938083
665,2092275.7629306796,0.15502,6854.8231200850805,134.96811785128884
666,2099894.512984665,0.1552,6854.8231200850805,135.30248150674387
667,2099284.273086855,0.15527,6854.8231200850805,135.20218156030498
668,2102364.6649405565,0.15529,6854.8231200850805,135.38313252241332
669,2104234.4388159243,0.15543,6854.8231200850805,135.38148612339472
670,2110698.9683881667,0.15568,6854.8231200850805,135.57932736306313
671,2111623.7820749623,0.15574,6854.8231200850805,135.58647631147826
672,2112005.766754414,0.15602,6854.8231200850805,135.36763022397218
673,2118293.5858895555,0.15622,6854.8231200850805,135.59682408715628
674,2120929.4113217182,0.15635,6854.8231200850805,135.65266461923366
675,2121655.695253143,0.15642,6854.8231200850805,135.63838992795954
676,2120998.1287887907,0.15652,6854.8231200850805,135.50971944727772
677,2121786.427132818,0.15664,6854.8231200850805,135.4562325799807
678,2129772.767675871,0.15676,6854.8231200850805,135.86200355166312
679,2133028.2533398005,0.15697,6854.8231200850805,135.88763797794488
680,2133294.294928642,0.15727,6854.8231200850805,135.6453420823197
681,2135391.577958609,0.1574,6854.8231200850805,135.66655514349486
682,2137212.0246765264,0.15747,6854.8231200850805,135.72185334835373
683,2142476.666403326,0.15768,6854.8231200850805,135.87497884343773
684,2145936.5211480963,0.15797,6854.8231200850805,135.84456043224006
685,2150908.4995215093,0.15815,6854.8231200850805,136.00433130075936
686,2155643.028257867,0.1583,6854.8231200850805,136.17454379392714
687,2158281.388004847,0.15844,6854.8231200850805,136.2207389551153
688,2163156.1828347147,0.15871,6854.8231200850805,136.29614912952647
689,2164369.6546161184,0.15894,6854.8231200850805,136.17526454109213
690,2164723.051273866,0.15913,6854.8231200850805,136.03488036661008
691,2167633.9067330896,0.15923,6854.8231200850805,136.13225565113922
692,2167701.838484479,0.15971,6854.8231200850805,135.72737076479112
693,2170953.9677993883,0.15981,6854.8231200850805,135.84594004126077
694,2172817.821142764,0.15993,6854.8231200850805,135.86055281327856
695,2177032.0686468426,0.15996,6854.8231200850805,136.09852892265832
696,2180733.607092076,0.16021,6854.8231200850805,136.11719662268746
697,2182471.3351872866,0.16025,6854.8231200850805,136.19165898204596
698,2184763.1455071783,0.1603,6854.8231200850805,136.2921488151702
699,2188652.721940068,0.16049,6854.8231200850805,136.37315234220625
700,2187899.8085577255,0.16058,6854.8231200850805,136.24983239243528
701,2195309.956992267,0.16087,6854.8231200850805,136.4648447188579
702,2197353.007162956,0.16113,6854.8231200850805,136.37143965512047
703,2198816.085282205,0.16115,6854.8231200850805,136.44530470258798
704,2203788.102801179,0.1613,6854.8231200850805,136.62666477378667
705,2224247.9443831625,0.16162,6854.8231200850805,137.6220730344736
706,2225966.4208097244,0.16171,6854.8231200850805,137.6517482412791
707,2227124.226387067,0.16177,6854.8231200850805,137.67226472071874
708,2224912.2646853216,0.1619,6854.8231200850805,137.42509355684507
709,2226734.086822538,0.16197,6854.8231200850805,137.4781803310822
710,2228995.799303082,0.1621,6854.8231200850805,137.50745214701305
711,2230073.8392115356,0.16216,6854.8231200850805,137.5230537254277
712,2233727.5076213274,0.1623,6854.8231200850805,137.6295445238033
713,2236315.374282596,0.16233,6854.8231200850805,137.76352949440005
714,2236403.6146254307,0.16243,6854.8231200850805,137.684147917591
715,2238096.46251153,0.1626,6854.8231200850805,137.644308887548
716,2239889.531521798,0.16266,6854.8231200850805,137.70377053496853
717,2241149.1382693714,0.16273,6854.8231200850805,137.7219405315167
718,2241377.7774975863,0.16291,6854.8231200850805,137.58380562872668
719,2243630.507010394,0.16298,6854.8231200850805,137.66293453248213
720,2247669.820811315,0.16309,6854.8231200850805,137.81775834271352
721,2249805.0461595617,0.16318,6854.8231200850805,137.87259750947186
722,2260992.4314779895,0.16345,6854.8231200850805,138.32930140581155
723,2268710.887581676,0.16354,6854.8231200850805,138.72513682167516
724,2270805.188692403,0.16359,6854.8231200850805,138.81075791261097
725,2271931.322124545,0.16376,6854.8231200850805,138.73542514194827
726,2275621.750414724,0.16386,6854.8231200850805,138.8759764686149
727,2294471.8262170213,0.164,6854.8231200850805,139.9068186717696
728,2312226.6225611824,0.1644,6854.8231200850805,140.64638823364857
729,2313846.371835091,0.16457,6854.8231200850805,140.59952432612815
730,2313234.484878143,0.1646,6854.8231200850805,140.53672447619337
731,2318221.5228362936,0.16465,6854.8231200850805,140.79693427490395
732,2322022.8557430524,0.16481,6854.8231200850805,140.89089592518977
733,2327832.0406734697,0.16495,6854.8231200850805,141.1234944330688
734,2324908.7458813954,0.16512,6854.8231200850805,140.8011595131659
735,2331275.111024115,0.16547,6854.8231200850805,140.8880830980912
736,2335609.0237451456,0.16557,6854.8231200850805,141.06474746301538
737,2335785.5319921453,0.16557,6854.8231200850805,141.0754081048587
738,2334823.666685025,0.16575,6854.8231200850805,140.86417295233937
739,2337893.7876735674,0.16577,6854.8231200850805,141.03238147273737
740,2338723.591201097,0.16581,6854.8231200850805,141.04840427001366
741,2342907.0969152725,0.16589,6854.8231200850805,141.23256958920203
742,2346725.4463741486,0.16613,6854.8231200850805,141.25837876206276
743,2346616.4500618693,0.16616,6854.8231200850805,141.22631500131615
744,2347003.916447659,0.16629,6854.8231200850805,141.1392096005568
745,2347361.000637431,0.16634,6854.8231200850805,141.118251811797
746,2351255.8516348517,0.16636,6854.8231200850805,141.33540824926976
747,2368277.980287802,0.16653,6854.8231200850805,142.21329371811697
748,2366676.895380032,0.16658,6854.8231200850805,142.0744924588805
749,2371526.808762356,0.16689,6854.8231200850805,142.1011929272189
750,2373046.800589334,0.16698,6854.8231200850805,142.11563064973853
751,2372817.2644292274,0.16705,6854.8231200850805,142.04233848723302
752,2373628.42267664,0.16716,6854.8231200850805,141.9973930770902
753,2373980.8454707307,0.16718,6854.8231200850805,142.00148615089907
754,2376444.4544847887,0.16719,6854.8231200850805,142.14034658082355
755,2378376.4258059827,0.16723,6854.8231200850805,142.2218756088012
756,2387012.323694821,0.16744,6854.8231200850805,142.5592644347122
757,2383444.2690870212,0.16797,6854.8231200850805,141.8970214375794
758,2381384.386399893,0.16827,6854.8231200850805,141.5216251500501
759,2381620.870047042,0.16832,6854.8231200850805,141.49363534024727
760,2382408.954181346,0.16836,6854.8231200850805,141.50682787962378
761,2382904.830552209,0.16837,6854.8231200850805,141.527874951132
762,2383166.8238427504,0.16838,6854.8231200850805,141.53502932906227
763,2383166.8238427504,0.16838,6854.8231200850805,141.53502932906227
764,2388371.6416206406,0.16867,6854.8231200850805,141.60026333198795
765,2393571.7068893034,0.16896,6854.8231200850805,141.66499212176274
766,2397355.954277856,0.16947,6854.8231200850805,141.46196697219895
767,2399562.052991675,0.17,6854.8231200850805,141.1507089995103
768,2401801.3227709397,0.17031,6854.8231200850805,141.02526702900238
769,2403132.771791735,0.17073,6854.8231200850805,140.7563270539293
770,2407105.29995806,0.17099,6854.8231200850805,140.77462424457923
771,2422355.3849582816,0.17136,6854.8231200850805,141.36060836591278
772,2423142.100279958,0.17153,6854.8231200850805,141.26637324549395
773,2424095.502196521,0.17192,6854.8231200850805,141.00136704260825
774,2425948.5938315843,0.17231,6854.8231200850805,140.78977388611133
775,2429790.373357247,0.17254,6854.8231200850805,140.82475793191418
776,2434492.138330074,0.17269,6854.8231200850805,140.97470254965972
777,2436171.1230840376,0.17293,6854.8231200850805,140.87614196981656
778,2439414.2920113136,0.17324,6854.8231200850805,140.8112613721608
779,2442069.177433499,0.17358,6854.8231200850805,140.6883959807293
780,2442752.9248651015,0.17386,6854.8231200850805,140.50114602928227
781,2445646.6697686682,0.17429,6854.8231200850805,140.32053874397087
782,2446185.5719339326,0.17447,6854.8231200850805,140.2066585621558
783,2449576.1123099457,0.17468,6854.8231200850805,140.23220244503926
784,2452268.5682883086,0.17487,6854.8231200850805,140.2338061581923
785,2452992.6717092246,0.17515,6854.8231200850805,140.05096612670422
786,2454219.0332342247,0.17543,6854.8231200850805,139.89733986400415
787,2451885.52456806,0.17602,6854.8231200850805,139.29584845858767
788,2452564.125927485,0.17656,6854.8231200850805,138.90825362072297
789,2454767.5082903816,0.177,6854.8231200850805,138.68742984691423
790,2455147.8603369575,0.1772,6854.8231200850805,138.55236232149872
791,2455299.417659085,0.17765,6854.8231200850805,138.20993063096452
792,2455596.9855739074,0.1779,6854.8231200850805,138.03243314074803
793,2456612.1484248154,0.17823,6854.8231200850805,137.83381857290104
794,2460006.7788117956,0.17859,6854.8231200850805,137.74605402384208
795,2461214.713844379,0.1789,6854.8231200850805,137.57488618470535
796,2461925.0971688293,0.17928,6854.8231200850805,137.32290814194718
797,2463175.8886494436,0.17967,6854.8231200850805,137.09444474032637
798,2464896.71834464,0.17992,6854.8231200850805,136.9995952837172
799,2472178.756807459,0.18032,6854.8231200850805,137.09953176616344
800,2480405.4493200895,0.1807,6854.8231200850805,137.2664886176032
801,2485327.4419879373,0.18109,6854.8231200850805,137.24266618741717
802,2495727.3374405513,0.18133,6854.8231200850805,137.63455233224238
803,2506582.9773374186,0.18181,6854.8231200850805,137.86826782561016
804,2514974.3481408646,0.1821,6854.8231200850805,138.1095193926889
805,2521429.139295489,0.18248,6854.8231200850805,138.17564331956868
806,2533012.0995253976,0.18284,6854.8231200850805,138.53708704470563
807,2541461.2084656144,0.18308,6854.8231200850805,138.81697664767393
808,2545799.9428331796,0.18334,6854.8231200850805,138.85676572669246
809,2553364.1580662793,0.18363,6854.8231200850805,139.0494014086086
810,2557190.4886132185,0.18368,6854.8231200850805,139.2198654515036
811,2561281.508330466,0.184,6854.8231200850805,139.20008197448186
812,2564106.5306873852,0.18419,6854.8231200850805,139.20986647958006
813,2567960.0347169777,0.18451,6854.8231200850805,139.17728224578494
814,2570292.622404343,0.18471,6854.8231200850805,139.15286786878582
815,2573637.052909337,0.18492,6854.8231200850805,139.17570046016314
816,2574208.0457204776,0.18505,6854.8231200850805,139.10878388113903
817,2582352.068217067,0.18524,6854.8231200850805,139.40574758243721
818,2586260.538504892,0.1856,6854.8231200850805,139.34593418668598
819,2588670.1448072502,0.18586,6854.8231200850805,139.28064913414667
820,2597617.001798028,0.18621,6854.8231200850805,139.49932881145094
821,2602088.331981416,0.1865,6854.8231200850805,139.52216257273008
822,2609523.1213368517,0.18696,6854.8231200850805,139.57654692644692
823,2612791.5490694903,0.18705,6854.8231200850805,139.68412451587758
824,2613148.1723329746,0.18712,6854.8231200850805,139.6509284059948
825,2613843.143614985,0.1873,6854.8231200850805,139.55382507287695
826,2623256.8622038853,0.18745,6854.8231200850805,139.9443511445124
827,2627508.953442996,0.18826,6854.8231200850805,139.5680948392115
828,2627462.8045799052,0.18851,6854.8231200850805,139.38055299877487
829,2627865.2776761046,0.18857,6854.8231200850805,139.35754773697326
830,2628007.263308124,0.18876,6854.8231200850805,139.22479674232486
831,2639645.3673117086,0.18902,6854.8231200850805,139.64899837645268
832,2641751.205238104,0.18916,6854.8231200850805,139.6569679233508
833,2644192.9552413765,0.18925,6854.8231200850805,139.71957491367908
834,2645752.1371304407,0.18931,6854.8231200850805,139.75765343248855
835,2646084.707792397,0.18931,6854.8231200850805,139.77522094936333
836,2646723.7986721736,0.18931,6854.8231200850805,139.80897990978679
837,2647491.362932417,0.18934,6854.8231200850805,139.82736679689538
838,2647588.845193829,0.18934,6854.8231200850805,139.83251532659918
839,2647974.616263404,0.18938,6854.8231200850805,139.823350737322
840,2652879.7479637708,0.18965,6854.8231200850805,139.88292897251625
841,2653844.91014513,0.18974,6854.8231200850805,139.86744545931958
842,2655935.9963194747,0.1899,6854.8231200850805,139.85971544599656
843,2661089.7544195373,0.19027,6854.8231200850805,139.85860905132375
844,2663872.0012443243,0.1904,6854.8231200850805,139.90924376283215
845,2670879.1472078804,0.19068,6854.8231200850805,140.0712789599266
846,2671484.4933514753,0.19075,6854.8231200850805,140.0516117091206
847,2672041.0960599254,0.19084,6854.8231200850805,140.01472940997303
848,2673948.9992415463,0.19115,6854.8231200850805,139.8874705331701
849,2677111.2123839194,0.1914,6854.8231200850805,139.86996929905536
850,2678141.7119481247,0.19143,6854.8231200850805,139.90188120713182
851,2680223.24778241,0.19148,6854.8231200850805,139.97405722699028
852,2682189.963815833,0.19162,6854.8231200850805,139.97442666818876
853,2682252.6789367925,0.19166,6854.8231200850805,139.94848580490412
854,2682740.3945005443,0.19176,6854.8231200850805,139.9009383865532
855,2685013.8029302284,0.1919,6854.8231200850805,139.91734251851113
856,2687080.409307977,0.19202,6854.8231200850805,139.93752782564198
857,2689616.103586729,0.19217,6854.8231200850805,139.96024892474003
858,2692207.534726835,0.19228,6854.8231200850805,140.01495395916552
859,2699040.216134792,0.1925,6854.8231200850805,140.20988135765154
860,2705113.629410138,0.19269,6854.8231200850805,140.38681973170054
861,2707131.7780694673,0.19277,6854.8231200850805,140.43325092439005
862,2708583.851300713,0.19286,6854.8231200850805,140.44300794880812
863,2713126.708108174,0.19303,6854.8231200850805,140.55466549801451
864,2713292.149174528,0.19305,6854.8231200850805,140.54867387591443
865,2715402.444625271,0.19306,6854.8231200850805,140.65070157594897
866,2715889.4188507283,0.19308,6854.8231200850805,140.66135378344356
867,2717688.824621985,0.19309,6854.8231200850805,140.74725903060673
868,2719444.330058388,0.19316,6854.8231200850805,140.78713657374135
869,2720439.8580620517,0.19316,6854.8231200850805,140.83867560892793
870,2722634.2164845914,0.19321,6854.8231200850805,140.91580231274733
871,2724082.15925803,0.19323,6854.8231200850805,140.9761506628386
872,2725608.0531509435,0.19325,6854.8231200850805,141.04052021479654
873,2729388.871450005,0.19327,6854.8231200850805,141.22154868577664
874,2730700.8697212785,0.19328,6854.8231200850805,141.28212281256614
875,2732847.3356708074,0.19328,6854.8231200850805,141.39317754919327
876,2734326.835163445,0.19328,6854.8231200850805,141.46972450141996
877,2736426.022479317,0.19328,6854.8231200850805,141.57833311668654
878,2737994.599658222,0.1933,6854.8231200850805,141.64483184988214
879,2739355.629195412,0.19333,6854.8231200850805,141.69325139375223
880,2741812.6928114905,0.19344,6854.8231200850805,141.73969669207457
881,2744627.6051903362,0.19344,6854.8231200850805,141.88521532208108
882,2745403.5957661807,0.19346,6854.8231200850805,141.9106583152166
883,2747171.670053033,0.19347,6854.8231200850805,141.99471081061836
884,2751434.0152114187,0.19357,6854.8231200850805,142.1415516459895
885,2753693.6869993275,0.19361,6854.8231200850805,142.22889762921994
886,2756052.3591014803,0.19361,6854.8231200850805,142.350723573239
887,2757805.033728801,0.19362,6854.8231200850805,142.43389286895987
888,2759728.5404236116,0.19369,6854.8231200850805,142.48172545942546
889,2761092.6160137523,0.19373,6854.8231200850805,142.52271801031085
890,2762907.5310283178,0.19373,6854.8231200850805,142.6164007137933
891,2763618.903213209,0.19376,6854.8231200850805,142.6310334028287
892,2764480.7196059986,0.19376,6854.8231200850805,142.67551195324106
893,2765129.4102449333,0.19377,6854.8231200850805,142.70162616735993
894,2766701.8813938415,0.19377,6854.8231200850805,142.78277759167267
895,2767421.878924298,0.19378,6854.8231200850805,142.81256470865404
896,2768246.200229849,0.19378,6854.8231200850805,142.85510373773604
897,2768956.984336618,0.19378,6854.8231200850805,142.89178368957673
898,2769721.5979970316,0.19379,6854.8231200850805,142.9238659372017
899,2770732.530787791,0.19381,6854.8231200850805,142.96127809647547
900,2772871.7072842056,0.19387,6854.8231200850805,143.0273743892405
901,2774691.2864342495,0.19388,6854.8231200850805,143.11384807273828
902,2776264.06225282,0.19392,6854.8231200850805,143.16543225313634
903,2778502.5916686947,0.19394,6854.8231200850805,143.26609217637903
904,2780602.655975538,0.19396,6854.8231200850805,143.3595924920364
905,2783578.8158879494,0.19396,6854.8231200850805,143.51303443431374
906,2785093.4565656,0.19402,6854.8231200850805,143.54671974876817
907,2787306.4103811285,0.19402,6854.8231200850805,143.6607777745144
908,2789393.412153606,0.19404,6854.8231200850805,143.75352567272756
909,2791470.8494408387,0.19406,6854.8231200850805,143.84576159130364
910,2795592.4449280007,0.19409,6854.8231200850805,144.0358825765367
911,2799983.67281069,0.19413,6854.8231200850805,144.23240471903827
912,2808844.4975529527,0.1944,6854.8231200850805,144.4878856765922
913,2810386.0004839203,0.19445,6854.8231200850805,144.53000773895192
914,2812457.1993419863,0.19451,6854.8231200850805,144.5919078372313
915,2814314.6981310803,0.19452,6854.8231200850805,144.67996597424843
916,2817793.5813036235,0.19458,6854.8231200850805,144.81414232211037
917,2820447.267654049,0.19477,6854.8231200850805,144.8091219209349
918,2823621.457448964,0.19487,6854.8231200850805,144.89769884789675
919,2825248.1451306134,0.19496,6854.8231200850805,144.9142462623417
920,2831273.48099512,0.19512,6854.8231200850805,145.10421694316932
921,2833295.5600066204,0.19524,6854.8231200850805,145.11860069691767
922,2840822.7864223355,0.19533,6854.8231200850805,145.4370955010667
923,2842322.127307406,0.19542,6854.8231200850805,145.4468389779657
924,2848578.3609331106,0.19545,6854.8231200850805,145.74460787583067
925,2851177.9941576254,0.19547,6854.8231200850805,145.86268962795444
926,2851177.9941576254,0.19547,6854.8231200850805,145.86268962795444
927,2851639.089691751,0.19551,6854.8231200850805,145.8564313688175
928,2852052.89858983,0.19552,6854.8231200850805,145.87013597533908
929,2852052.89858983,0.19552,6854.8231200850805,145.87013597533908
930,2852052.89858983,0.19552,6854.8231200850805,145.87013597533908
931,2852387.483186278,0.19573,6854.8231200850805,145.73072514107588
932,2853769.1573425555,0.19597,6854.8231200850805,145.6227564087644
933,2857921.441987456,0.19611,6854.8231200850805,145.73053092588117
934,2862619.836779756,0.19636,6854.8231200850805,145.78426547055184
935,2866774.9817566765,0.19651,6854.8231200850805,145.8844324338037
936,2875306.9204327227,0.19665,6854.8231200850805,146.21443785571944
937,2876314.4958966356,0.19688,6854.8231200850805,146.09480373306764
938,2876759.123233836,0.19711,6854.8231200850805,145.94688870345675
939,2878809.9851224506,0.19721,6854.8231200850805,145.97687668589072
940,2881712.72940655,0.19729,6854.8231200850805,146.06481470964317
941,2881584.3151076855,0.19748,6854.8231200850805,145.9177797806201
942,2886264.198533567,0.19778,6854.8231200850805,145.93306697004587
943,2887400.0415850817,0.19782,6854.8231200850805,145.96097672556272
944,2891780.174866451,0.19805,6854.8231200850805,146.01263190439036
945,2893699.7858872656,0.19811,6854.8231200850805,146.0653064402234
946,2896673.914741588,0.19818,6854.8231200850805,146.16378619142134
947,2898153.797119594,0.19823,6854.8231200850805,146.20157378396783
948,2901807.047418866,0.19843,6854.8231200850805,146.2383232081271
949,2902186.0568396924,0.19846,6854.8231200850805,146.23531476568036
950,2905226.3855724693,0.19856,6854.8231200850805,146.3147857359221
951,2905612.900168766,0.19859,6854.8231200850805,146.31214563516622
952,2906500.0295587145,0.1986,6854.8231200850805,146.34944761121423
953,2906586.1218373114,0.1986,6854.8231200850805,146.35378256985456
954,2921784.251941407,0.19865,6854.8231200850805,147.08201620646398
955,2928644.684440448,0.19866,6854.8231200850805,147.41994787276997
956,2945092.7041773787,0.19871,6854.8231200850805,148.21059353718377
957,2950032.6514107063,0.19872,6854.8231200850805,148.45172360158546
958,2951190.3996258033,0.19872,6854.8231200850805,148.50998387811006
959,2968477.3037627963,0.19876,6854.8231200850805,149.3498341599314
960,2988955.190396408,0.19879,6854.8231200850805,150.35742192245124
961,3024332.319255333,0.19889,6854.8231200850805,152.0605520265138
962,3031399.01937617,0.19891,6854.8231200850805,152.40053387844603
963,3036942.705171317,0.19894,6854.8231200850805,152.6562131884647
964,3050201.675611336,0.199,6854.8231200850805,153.2764661111224
965,3055314.543766787,0.19902,6854.8231200850805,153.5179652179071
966,3063048.7289667404,0.19905,6854.8231200850805,153.88338251528464
967,3067508.359227046,0.19906,6854.8231200850805,154.09968648784516
968,3072898.7685532034,0.19909,6854.8231200850805,154.34721827079227
969,3076711.27012991,0.1991,6854.8231200850805,154.5309527940688
970,3079259.6694581304,0.1991,6854.8231200850805,154.65894874224662
971,3090289.5007035835,0.19914,6854.8231200850805,155.18175658850976
972,3100739.047973617,0.19922,6854.8231200850805,155.643963857726
973,3101760.817449566,0.19924,6854.8231200850805,155.6796234415562
974,3105176.0206273207,0.19931,6854.8231200850805,155.7962982603643
975,3105236.524027323,0.19931,6854.8231200850805,155.79933390333264
976,3106057.1123581887,0.19932,6854.8231200850805,155.8326867528692
977,3106095.961549171,0.19932,6854.8231200850805,155.8346358393122
978,3108961.148102852,0.19954,6854.8231200850805,155.80641215309473
979,3113035.736360233,0.19972,6854.8231200850805,155.8700048247663
980,3115006.246988023,0.19987,6854.8231200850805,155.85161589973598
981,3115854.8917635796,0.19992,6854.8231200850805,155.8550866228281
982,3116861.39866316,0.19998,6854.8231200850805,155.85865579873786
983,3117893.809336807,0.20006,6854.8231200850805,155.84793608601456
984,3117934.839742975,0.20017,6854.8231200850805,155.764342296197
985,3117981.814948206,0.20017,6854.8231200850805,155.76668906170784
986,3125891.5515019177,0.20039,6854.8231200850805,155.99039630230638
987,3129352.728255253,0.20047,6854.8231200850805,156.10079953385807
988,3130782.957181702,0.2005,6854.8231200850805,156.1487759192869
989,3137095.6321978853,0.2006,6854.8231200850805,156.3856247356872
990,3137442.894202454,0.20064,6854.8231200850805,156.37175509382246
991,3139889.998821619,0.2007,6854.8231200850805,156.4469356662491
992,3139916.553660357,0.20072,6854.8231200850805,156.4326700707631
993,3142117.450318475,0.20075,6854.8231200850805,156.5189265413935
994,3147259.7964280373,0.20107,6854.8231200850805,156.52557797921307
995,3149751.48418637,0.20114,6854.8231200850805,156.5949828073168
996,3151323.007658081,0.20116,6854.8231200850805,156.65753667021679
997,3156153.388573849,0.2012,6854.8231200850805,156.8664706050621
998,3155425.57886621,0.20129,6854.8231200850805,156.76017580934024
999,3161924.661705308,0.20133,6854.8231200850805,157.05183836017028
1000,3162332.4471772066,0.20155,6854.8231200850805,156.90064238041214
1001,3162341.554258028,0.20157,6854.8231200850805,156.88552633120148
1002,3162958.484009814,0.2016,6854.8231200850805,156.89278194493124
1003,3163722.7694954136,0.20161,6854.8231200850805,156.92290905686295
1004,3163781.493018463,0.20161,6854.8231200850805,156.92582178554946
1005,3163697.24122053,0.20162,6854.8231200850805,156.91385979667345
1006,3164203.4880326814,0.20164,6854.8231200850805,156.92340250112485
1007,3164344.069042973,0.20165,6854.8231200850805,156.92259206759104
1008,3164945.822116984,0.20167,6854.8231200850805,156.93686825591234
1009,3166055.0153985876,0.20169,6854.8231200850805,156.97630102625752
1010,3166055.0153985876,0.20169,6854.8231200850805,156.97630102625752
1011,3168699.1921941442,0.20173,6854.8231200850805,157.07625004680236
1012,3170867.434555315,0.20176,6854.8231200850805,157.16036055488277
1013,3173206.8688492887,0.20187,6854.8231200850805,157.19061122748744
1014,3177146.280060874,0.2021,6854.8231200850805,157.20664423853904
1015,3178496.381372925,0.20226,6854.8231200850805,157.1490349734463
1016,3191956.0406938316,0.20242,6854.8231200850805,157.68975598724592
1017,3178988.7332235095,0.20312,6854.8231200850805,156.50791321502115
1018,3185953.4435212286,0.20336,6854.8231200850805,156.66568860745616
1019,3186940.5552800437,0.20346,6854.8231200850805,156.63720413250977
1020,3185581.065286957,0.2037,6854.8231200850805,156.3859138579753
1021,3192824.7268952266,0.2043,6854.8231200850805,156.28119074377028
1022,3197901.8910303726,0.20466,6854.8231200850805,156.25436778219353
1023,3201026.610367243,0.20478,6854.8231200850805,156.3153926344
1024,3202095.2791377306,0.20496,6854.8231200850805,156.23025366597045
1025,3201515.640939161,0.20505,6854.8231200850805,156.13341335962747
1026,3202520.4319771016,0.20509,6854.8231200850805,156.15195436038331
1027,3202520.4319771016,0.20509,6854.8231200850805,156.15195436038331
1028,3202250.885384668,0.20537,6854.8231200850805,155.92593296901535
1029,3203842.4886608985,0.20544,6854.8231200850805,155.95027690132878
1030,3206991.6526872446,0.20558,6854.8231200850805,155.9972591053237
1031,3207708.4920882448,0.20566,6854.8231200850805,155.97143304912208
1032,3208439.024285032,0.20582,6854.8231200850805,155.88567798489126
1033,3209024.1470104633,0.20583,6854.8231200850805,155.9065319443455
1034,3209232.7522589033,0.20585,6854.8231200850805,155.90151820543616
1035,3209692.0521122706,0.2059,6854.8231200850805,155.8859665911739
1036,3210409.3440249227,0.20594,6854.8231200850805,155.89051879309133
1037,3211141.256384303,0.20602,6854.8231200850805,155.86551093992344
1038,3211632.1194062144,0.20609,6854.8231200850805,155.83638795701947
1039,3211765.6767378114,0.20615,6854.8231200850805,155.79751039232653
1040,3212021.5555071784,0.20615,6854.8231200850805,155.80992265375593
1041,3212404.411214618,0.20618,6854.8231200850805,155.80582070106792
1042,3212754.4470399576,0.2062,6854.8231200850805,155.8076841435479
1043,3213314.2281080177,0.20621,6854.8231200850805,155.8272745312069
1044,3213537.9652634026,0.20622,6854.8231200850805,155.83056761048408
1045,3218846.207640261,0.20632,6854.8231200850805,156.01232103723638
1046,3218853.270227781,0.20632,6854.8231200850805,156.0126633495435
1047,3219971.2824996086,0.20635,6854.8231200850805,156.04416198205033
1048,3219574.4639380276,0.20638,6854.8231200850805,156.00225137794493
1049,3218630.080126781,0.20648,6854.8231200850805,155.8809608740208
1050,3219861.321342553,0.20649,6854.8231200850805,155.93303895309958
1051,3220486.3974772813,0.20655,6854.8231200850805,155.91800520345103
1052,3221808.034324896,0.20655,6854.8231200850805,155.9819914947904
1053,3223121.615623474,0.20655,6854.8231200850805,156.04558778133497
1054,3223437.7056617155,0.20658,6854.8231200850805,156.03822759520358
1055,3223922.0876931353,0.2066,6854.8231200850805,156.04656765213628
1056,3223685.218997916,0.20666,6854.8231200850805,155.9898005902408
1057,3226101.1710586706,0.2067,6854.8231200850805,156.07649593897779
1058,3226101.1710586706,0.2067,6854.8231200850805,156.07649593897779
1059,3226101.1710586706,0.2067,6854.8231200850805,156.07649593897779
1060,3226489.4785840716,0.2067,6854.8231200850805,156.09528198278045
1061,3226913.3037686944,0.20672,6854.8231200850805,156.10068226435249
1062,3226193.5172407986,0.20678,6854.8231200850805,156.02057825905786
1063,3226342.3437127694,0.20678,6854.8231200850805,156.0277755930346
1064,3227552.1021850277,0.20687,6854.8231200850805,156.01837396360168
1065,3229756.0429870076,0.20693,6854.8231200850805,156.07964253549545
1066,3230106.0458329087,0.20697,6854.8231200850805,156.06638864728745
1067,3231120.8361524655,0.20704,6854.8231200850805,156.06263698572573
1068,3231133.753353417,0.20704,6854.8231200850805,156.0632608845352
1069,3231014.956674522,0.20711,6854.8231200850805,156.00477797665596
1070,3232509.9262584667,0.20715,6854.8231200850805,156.04682241170488
1071,3233457.1189913102,0.20719,6854.8231200850805,156.0624122299006
1072,3233482.887687343,0.20719,6854.8231200850805,156.06365595286178
1073,3233523.6779409423,0.20719,6854.8231200850805,156.065624689461
1074,3234057.3114726203,0.20723,6854.8231200850805,156.0612513377706
1075,3234057.3114726203,0.20723,6854.8231200850805,156.0612513377706
1076,3236711.959120717,0.20723,6854.8231200850805,156.18935285049062
1077,3239324.653753455,0.20727,6854.8231200850805,156.2852633643776
1078,3242655.690930511,0.20729,6854.8231200850805,156.43087900673024
1079,3248939.344267425,0.20735,6854.8231200850805,156.6886589952942
1080,3251994.3422353114,0.20739,6854.8231200850805,156.80574483993016
1081,3256625.1706321114,0.20741,6854.8231200850805,157.013893767519
1082,3257204.9601516556,0.20741,6854.8231200850805,157.0418475556461
1083,3257882.72599977,0.20742,6854.8231200850805,157.06695236716664
1084,3258090.6883566584,0.20742,6854.8231200850805,157.07697851492907
1085,3258549.0676863296,0.20742,6854.8231200850805,157.09907760516487
1086,3258842.133258519,0.20742,6854.8231200850805,157.11320669455787
1087,3258929.3816607688,0.20742,6854.8231200850805,157.11741305856566
1088,3259121.7714857296,0.20743,6854.8231200850805,157.11911350748346
1089,3260480.381621362,0.20745,6854.8231200850805,157.1694568147198
1090,3260496.5194057287,0.20745,6854.8231200850805,157.17023472671625
1091,3260496.5194057287,0.20745,6854.8231200850805,157.17023472671625
1092,3264196.5190568576,0.20757,6854.8231200850805,157.25762485218758
1093,3267772.4123945185,0.20767,6854.8231200850805,157.35409122138577
1094,3273241.4029880073,0.20792,6854.8231200850805,157.42792434532547
1095,3274705.264691766,0.20799,6854.8231200850805,157.44532259684436
1096,3281848.651773074,0.20825,6854.8231200850805,157.59177199390513
1097,3285110.2709015897,0.20834,6854.8231200850805,157.68024723536476
1098,3290984.7472893754,0.2086,6854.8231200850805,157.76532824973037
1099,3293787.705739352,0.20878,6854.8231200850805,157.76356479257362
1100,3297519.0796863083,0.20886,6854.8231200850805,157.88179065815896
1101,3294790.658020974,0.20913,6854.8231200850805,157.54748998331058
1102,3299035.7606444363,0.20925,6854.8231200850805,157.660012456126
1103,3306487.520997065,0.2095,6854.8231200850805,157.82756663470477
1104,3309259.048876714,0.20963,6854.8231200850805,157.86190186885054
1105,3313246.9020884703,0.2098,6854.8231200850805,157.9240658764762
1106,3315007.341683833,0.20988,6854.8231200850805,157.9477483173162
1107,3324917.951341897,0.21016,6854.8231200850805,158.2088861506422
1108,3330505.0524969376,0.21032,6854.8231200850805,158.35417708714994
1109,3333327.803167718,0.21042,6854.8231200850805,158.41306925043807
1110,3337092.5899097156,0.21065,6854.8231200850805,158.41882695987258
1111,3341422.697035944,0.2108,6854.8231200850805,158.5115131421226
1112,3346600.3055702974,0.21115,6854.8231200850805,158.49397611036218
1113,3352917.5216026967,0.21129,6854.8231200850805,158.68794176736696
1114,3355918.542249555,0.21152,6854.8231200850805,158.65726844977092
1115,3358841.024028749,0.21177,6854.8231200850805,158.6079720465009
1116,3361390.0133971768,0.21193,6854.8231200850805,158.6085034396818
1117,3364250.129259481,0.2121,6854.8231200850805,158.6162248590043
1118,3367715.915159002,0.21226,6854.8231200850805,158.65994135301054
1119,3369920.707972298,0.21248,6854.8231200850805,158.59943090984083
1120,3378836.255577629,0.21277,6854.8231200850805,158.80228676869996
1121,3382780.3098516883,0.21286,6854.8231200850805,158.92043173220372
1122,3384847.338852137,0.21294,6854.8231200850805,158.9577974477382
1123,3391750.196745388,0.21336,6854.8231200850805,158.96841942001257
1124,3393694.9593847124,0.21362,6854.8231200850805,158.86597506716188
1125,3397228.144365178,0.21383,6854.8231200850805,158.87518797012476
1126,3398605.1582265273,0.21398,6854.8231200850805,158.82816890487555
1127,3402407.575455894,0.21434,6854.8231200850805,158.73880635699797
1128,3406630.266371498,0.2146,6854.8231200850805,158.7432556557082
1129,3408669.6078652726,0.21482,6854.8231200850805,158.67561716158983
1130,3411967.223317661,0.21505,6854.8231200850805,158.6592524211886
1131,3415355.8516144645,0.21522,6854.8231200850805,158.69137866436506
1132,3421906.5249128025,0.21555,6854.8231200850805,158.75233240142902
1133,3424864.825846499,0.21592,6854.8231200850805,158.61730390174597
1134,3426209.2999172485,0.21634,6854.8231200850805,158.37151243030638
1135,3428641.6939866655,0.2165,6854.8231200850805,158.3668218931485
1136,3431848.762940859,0.21667,6854.8231200850805,158.39058304983888
1137,3433160.3808181034,0.21682,6854.8231200850805,158.34149897694417
1138,3435110.2722740434,0.21696,6854.8231200850805,158.32919765274906
1139,3439200.933257462,0.21721,6854.8231200850805,158.33529456551088
1140,3441550.644151679,0.21736,6854.8231200850805,158.3341297456606
1141,3443556.764209088,0.21751,6854.8231200850805,158.3171699788096
1142,3447140.854370798,0.21775,6854.8231200850805,158.30727230175881
1143,3449332.1030235575,0.21802,6854.8231200850805,158.21172842049157
1144,3451744.7911411854,0.21822,6854.8231200850805,158.1772885684715
1145,3454747.421393657,0.21841,6854.8231200850805,158.17716319736536
1146,3456487.4972781995,0.21853,6854.8231200850805,158.16993077738525
1147,3457815.6825290145,0.21857,6854.8231200850805,158.20175149970328
1148,3462409.4925666135,0.21868,6854.8231200850805,158.33224312084386
1149,3467448.58374193,0.21875,6854.8231200850805,158.51193525677394
1150,3473188.8914477057,0.21892,6854.8231200850805,158.651054789316
1151,3475112.1095004748,0.21899,6854.8231200850805,158.6881642769293
1152,3476093.000488048,0.21906,6854.8231200850805,158.6822332004039
1153,3478483.8315504366,0.21918,6854.8231200850805,158.70443615067234
1154,3481026.5518698003,0.21932,6854.8231200850805,158.71906583393218
1155,3481236.9613867956,0.21948,6854.8231200850805,158.61294702874045
1156,3482776.706818248,0.2196,6854.8231200850805,158.5963891993738
1157,3483413.495694782,0.21965,6854.8231200850805,158.58927820144694
1158,3484088.750690226,0.21973,6854.8231200850805,158.5622696350169
1159,3487329.7539342474,0.21989,6854.8231200850805,158.59428595817215
1160,3487870.210954943,0.22013,6854.8231200850805,158.4459279041904
1161,3489129.133331987,0.22016,6854.8231200850805,158.48151950090784
1162,3492049.568670285,0.22036,6854.8231200850805,158.4702109579908
1163,3494359.710229619,0.22063,6854.8231200850805,158.38098673025513
1164,3496639.9708328466,0.22071,6854.8231200850805,158.42689369910048
1165,3500650.3983699945,0.22094,6854.8231200850805,158.44348684574973
1166,3502238.02469104,0.22114,6854.8231200850805,158.37198266668355
1167,3504106.227564806,0.22121,6854.8231200850805,158.4063210327203
1168,3507302.9189010956,0.22144,6854.8231200850805,158.38615060066363
1169,3508939.215595018,0.22148,6854.8231200850805,158.43142566349186
1170,3513309.2746748384,0.22164,6854.8231200850805,158.51422462889545
1171,3516020.599621226,0.22168,6854.8231200850805,158.6079303329676
1172,3517647.4690068867,0.22176,6854.8231200850805,158.62407417960347
1173,3522284.476690849,0.22193,6854.8231200850805,158.71150708290222
1174,3524047.225736013,0.22205,6854.8231200850805,158.7051216273818
1175,3525771.7627210896,0.22211,6854.8231200850805,158.73989296839807
1176,3528055.7098038034,0.22216,6854.8231200850805,158.80697289358136
1177,3530186.5489488197,0.22224,6854.8231200850805,158.84568704773307
1178,3531895.550087604,0.2223,6854.8231200850805,158.87969186179058
1179,3532927.3473013975,0.22236,6854.8231200850805,158.8832230302841
1180,3535412.7803862025,0.22248,6854.8231200850805,158.90924039851683
1181,3536292.5624326286,0.22252,6854.8231200850805,158.92021222508666
1182,3537387.3310996387,0.22255,6854.8231200850805,158.94798162658452
1183,3536988.676028697,0.2226,6854.8231200850805,158.89436999230443
1184,3536955.737643017,0.22262,6854.8231200850805,158.87861547224045
1185,3546421.322901956,0.22263,6854.8231200850805,159.29665017751228
1186,3547529.45782424,0.22263,6854.8231200850805,159.3464249123766
1187,3550667.0344939544,0.22263,6854.8231200850805,159.48735725167114
1188,3551345.71192911,0.22263,6854.8231200850805,159.51784179711225
1189,3553386.388507526,0.22263,6854.8231200850805,159.6095040429199
1190,3557305.8427044074,0.22263,6854.8231200850805,159.78555642565726
1191,3557810.4829910635,0.22263,6854.8231200850805,159.80822364421073
1192,3558575.8679172657,0.22264,6854.8231200850805,159.83542346017182
1193,3559200.7954374435,0.22264,6854.8231200850805,159.8634924289186
1194,3560358.8914661594,0.22265,6854.8231200850805,159.9083265872966
1195,3561372.7512612497,0.22265,6854.8231200850805,159.9538626212104
1196,3561642.79441573,0.22265,6854.8231200850805,159.96599121561778
1197,3563198.3788853628,0.22265,6854.8231200850805,160.03585802314677
1198,3564601.7289402904,0.22265,6854.8231200850805,160.0988874439834
1199,3565127.074149248,0.22265,6854.8231200850805,160.1224825577924
1200,3565693.306701241,0.22265,6854.8231200850805,160.1479140669769
1201,3567119.7217048486,0.22265,6854.8231200850805,160.21197941634173
1202,3567737.6961637484,0.22265,6854.8231200850805,160.2397348378059
1203,3568992.138799329,0.22265,6854.8231200850805,160.29607629909404
1204,3571082.6877657194,0.22266,6854.8231200850805,160.382766898667
1205,3572026.546963154,0.22266,6854.8231200850805,160.42515705394564
1206,3573748.207910955,0.22266,6854.8231200850805,160.50247947143424
1207,3575689.6810135124,0.22266,6854.8231200850805,160.589673987852
1208,3577840.7920755045,0.22266,6854.8231200850805,160.6862836645785
1209,3578558.4732128414,0.22266,6854.8231200850805,160.7185158184156
1210,3581097.765333749,0.22266,6854.8231200850805,160.83255929820123
1211,3582631.5649798852,0.22266,6854.8231200850805,160.90144457827563
1212,3583252.6788736843,0.22266,6854.8231200850805,160.92933975000827
1213,3584786.548059656,0.22266,6854.8231200850805,160.99822815322267
1214,3585791.13653735,0.22266,6854.8231200850805,161.04334575304725
1215,3590754.7050413517,0.22269,6854.8231200850805,161.24454196602235
1216,3595878.906449465,0.22269,6854.8231200850805,161.47464665900873
1217,3602445.8062876435,0.2227,6854.8231200850805,161.7622723972898
1218,3609888.185439774,0.22271,6854.8231200850805,162.08918258900695
1219,3611622.8641882343,0.22271,6854.8231200850805,162.16707216506822
1220,3621437.5486627524,0.22272,6854.8231200850805,162.60046464901006
1221,3625241.8262948487,0.22272,6854.8231200850805,162.77127452832474
1222,3632177.8044371763,0.22275,6854.8231200850805,163.06073196126493
1223,3641797.164270796,0.22276,6854.8231200850805,163.48523811594524
1224,3645612.0542513295,0.22276,6854.8231200850805,163.65649372649173
1225,3649069.372075017,0.22276,6854.8231200850805,163.81169743558166
1226,3654294.239579996,0.22277,6854.8231200850805,164.038884929748
1227,3659152.22746218,0.22278,6854.8231200850805,164.24958378050903
1228,3663044.6453433135,0.22278,6854.8231200850805,164.42430403731544
1229,3666593.252911924,0.2228,6854.8231200850805,164.56881745565187
1230,3673766.345724452,0.22283,6854.8231200850805,164.86857001859946
1231,3678161.3663520254,0.22284,6854.8231200850805,165.0583991362424
1232,3683315.172241884,0.22284,6854.8231200850805,165.2896774475805
1233,3686108.19009706,0.22286,6854.8231200850805,165.4001700662775
1234,3691470.308390965,0.22289,6854.8231200850805,165.61848034415922
1235,3695694.287326065,0.2229,6854.8231200850805,165.8005512483654
1236,3700062.5318635367,0.2229,6854.8231200850805,165.99652453403036
1237,3703292.0729454234,0.22291,6854.8231200850805,166.13395868042812
1238,3705151.3591241008,0.22292,6854.8231200850805,166.209912036789
1239,3708231.128485069,0.22295,6854.8231200850805,166.32568416618386
1240,3713548.138608443,0.22298,6854.8231200850805,166.54175883973645
1241,3716697.9526414694,0.223,6854.8231200850805,166.668069625178
1242,3719185.188209372,0.22304,6854.8231200850805,166.74969459331834
1243,3720494.2855165987,0.22305,6854.8231200850805,166.80090946050655
1244,3722302.329831595,0.22307,6854.8231200850805,166.86700720991595
1245,3726188.8468934596,0.22309,6854.8231200850805,167.0262605627083
1246,3727559.45958557,0.22309,6854.8231200850805,167.08769821980232
1247,3728533.427077543,0.22309,6854.8231200850805,167.1313562722463
1248,3729301.0780995516,0.22309,6854.8231200850805,167.16576619747866
1249,3730321.1637758547,0.22309,6854.8231200850805,167.21149149562305
1250,3731214.6174830412,0.22311,6854.8231200850805,167.2365477783623
1251,3733371.867730846,0.22312,6854.8231200850805,167.32573806610102
1252,3735015.915134495,0.22312,6854.8231200850805,167.39942251409533
1253,3736504.1375781884,0.22312,6854.8231200850805,167.4661230538808
1254,3738315.1326225987,0.22312,6854.8231200850805,167.54728991675324
1255,3739389.401772553,0.22312,6854.8231200850805,167.59543751221554
1256,3743199.4814909156,0.22314,6854.8231200850805,167.75116435829145
1257,3746175.7590661286,0.22315,6854.8231200850805,167.8770225886681
1258,3748045.78738214,0.22315,6854.8231200850805,167.96082399202956
1259,3749559.9742540573,0.22315,6854.8231200850805,168.02867910616433
1260,3750697.7480330383,0.22315,6854.8231200850805,168.07966605570417
1261,3752832.198740473,0.22315,6854.8231200850805,168.1753169948677
1262,3753832.1744834185,0.22315,6854.8231200850805,168.22012881395557
1263,3755007.318988419,0.22315,6854.8231200850805,168.27279045433204
1264,3756902.4176650927,0.22315,6854.8231200850805,168.3577153334122
1265,3760589.9981054896,0.22316,6854.8231200850805,168.51541486402087
1266,3761527.910180312,0.22316,6854.8231200850805,168.55744354634845
1267,3763155.09068064,0.22316,6854.8231200850805,168.63035896579316
1268,3764493.900224716,0.22316,6854.8231200850805,168.6903522237281
1269,3767923.5853186115,0.22316,6854.8231200850805,168.8440394926784
1270,3768598.2233350053,0.22316,6854.8231200850805,168.874270628025
1271,3769893.769487897,0.22316,6854.8231200850805,168.93232521454996
1272,3771348.0769700576,0.22316,6854.8231200850805,168.9974940388088
1273,3772744.6191284126,0.22316,6854.8231200850805,169.0600743470341
1274,3773444.625022906,0.22316,6854.8231200850805,169.0914422397789
1275,3774244.216935376,0.22316,6854.8231200850805,169.12727267141855
1276,3774626.299733196,0.22316,6854.8231200850805,169.14439414470317
1277,3776475.1646719244,0.22316,6854.8231200850805,169.22724344290754
1278,3777096.6009690184,0.22316,6854.8231200850805,169.25509056143656
1279,3777554.206338775,0.22316,6854.8231200850805,169.27559626898974
1280,3778508.1241347757,0.22316,6854.8231200850805,169.31834218205663
1281,3779384.9181258455,0.22316,6854.8231200850805,169.3576321081666
1282,3780174.8230696768,0.22316,6854.8231200850805,169.39302845804252
1283,3780546.8760123593,0.22316,6854.8231200850805,169.40970048451152
1284,3786690.321259825,0.22316,6854.8231200850805,169.68499378292816
1285,3787111.963109152,0.22316,6854.8231200850805,169.70388793283527
1286,3790781.8905809983,0.22316,6854.8231200850805,169.86834067848173
1287,3794090.9318873594,0.22316,6854.8231200850805,170.01662179097326
1288,3796848.9105719286,0.22316,6854.8231200850805,170.14020929252234
1289,3797132.7528158845,0.22316,6854.8231200850805,170.1529285183673
1290,3797529.0232713255,0.22316,6854.8231200850805,170.1706857533306
1291,3798567.2850991874,0.22316,6854.8231200850805,170.217211198207
1292,3800707.377925947,0.22316,6854.8231200850805,170.3131106795997
1293,3801383.596824297,0.22316,6854.8231200850805,170.34341265568636
1294,3801870.520322105,0.22316,6854.8231200850805,170.3652321348855
1295,3802386.9929655925,0.22316,6854.8231200850805,170.38837573783798
1296,3802712.3171815886,0.22316,6854.8231200850805,170.4029538081013
1297,3803064.7607597844,0.22316,6854.8231200850805,170.41874712133824
1298,3804602.8402818223,0.22316,6854.8231200850805,170.48766984593217
1299,3805025.684897055,0.22316,6854.8231200850805,170.5066178928596
1300,3805200.5479781586,0.22316,6854.8231200850805,170.51445366455272
1301,3805422.195251853,0.22316,6854.8231200850805,170.52438587792852
1302,3806180.623726714,0.22316,6854.8231200850805,170.5583717389637
1303,3807146.08098273,0.22316,6854.8231200850805,170.6016347455964
1304,3807305.26442207,0.22316,6854.8231200850805,170.60876789846162
1305,3808799.625031312,0.22316,6854.8231200850805,170.67573153931315
1306,3810011.136779632,0.22316,6854.8231200850805,170.7300204687055
1307,3812212.833091671,0.22316,6854.8231200850805,170.82868045759415
1308,3813704.5090943044,0.22316,6854.8231200850805,170.89552379881272
1309,3813932.5727458093,0.22316,6854.8231200850805,170.90574353584017
1310,3814429.2302224613,0.22316,6854.8231200850805,170.92799920337254
1311,3814429.9295364968,0.22316,6854.8231200850805,170.92803054026245
1312,3815905.6573862373,0.22317,6854.8231200850805,170.98649717194235
1313,3817058.627032099,0.22317,6854.8231200850805,171.0381604620737
1314,3817630.6947733066,0.22317,6854.8231200850805,171.06379418260997
1315,3818503.22090519,0.22317,6854.8231200850805,171.10289111014876
1316,3818892.815433938,0.22317,6854.8231200850805,171.1203484085647
1317,3820260.5814516037,0.22317,6854.8231200850805,171.1816364857106
1318,3821311.711042285,0.22317,6854.8231200850805,171.22873643600326
1319,3821443.0143343047,0.22317,6854.8231200850805,171.23461999078302
1320,3823911.3575320984,0.22318,6854.8231200850805,171.33754626454424
1321,3825837.489165332,0.22318,6854.8231200850805,171.42385021800035
1322,3828491.804434199,0.22318,6854.8231200850805,171.5427818099381
1323,3832136.287427707,0.22318,6854.8231200850805,171.7060797306079
1324,3833472.5706495913,0.22318,6854.8231200850805,171.76595441569995
1325,3834562.1801915932,0.22318,6854.8231200850805,171.81477642224183
1326,3834752.3523207507,0.22318,6854.8231200850805,171.8232974424568
1327,3834863.853132687,0.22318,6854.8231200850805,171.8282934462177
1328,3841330.5063941525,0.22318,6854.8231200850805,172.1180440180192
1329,3841713.8305095355,0.22318,6854.8231200850805,172.13521957655414
1330,3842660.6964319767,0.22318,6854.8231200850805,172.17764568653
1331,3844942.747060802,0.22318,6854.8231200850805,172.27989726054315
1332,3846285.850725051,0.22318,6854.8231200850805,172.3400775483937
1333,3850529.2356462637,0.22318,6854.8231200850805,172.53021039726963
1334,3850790.0848746025,0.22318,6854.8231200850805,172.54189823795153
1335,3851896.4368063896,0.22318,6854.8231200850805,172.5914704187826
1336,3852423.934174016,0.22318,6854.8231200850805,172.61510593126695
1337,3855170.7025593827,0.22318,6854.8231200850805,172.7381800591174
1338,3857292.799240204,0.22318,6854.8231200850805,172.833264595403
1339,3858997.6527665453,0.22318,6854.8231200850805,172.90965376675982
1340,3859883.7423111596,0.22318,6854.8231200850805,172.9493566767255
1341,3863276.312939411,0.22318,6854.8231200850805,173.10136718968596
1342,3869179.436649351,0.22319,6854.8231200850805,173.35810012318433
1343,3869427.345869634,0.22319,6854.8231200850805,173.36920766475353
1344,3870200.494752857,0.22319,6854.8231200850805,173.40384850364518
1345,3872185.712615952,0.22319,6854.8231200850805,173.49279594139307
1346,3876665.5587664274,0.22319,6854.8231200850805,173.6935148871557
1347,3876680.3054729206,0.22319,6854.8231200850805,173.69417561149336
1348,3877318.559337948,0.22319,6854.8231200850805,173.72277249598764
1349,3878456.4423823585,0.2232,6854.8231200850805,173.76596964078666
1350,3879536.9300084244,0.2232,6854.8231200850805,173.81437858460683
1351,3879771.1567396843,0.2232,6854.8231200850805,173.82487261378515
1352,3880456.990666733,0.2232,6854.8231200850805,173.85559994026582
1353,3882877.15803141,0.2232,6854.8231200850805,173.96403037775136
1354,3883152.5463961028,0.2232,6854.8231200850805,173.97636856613363
1355,3883676.887465549,0.2232,6854.8231200850805,173.99986054953177
1356,3885580.862269848,0.2232,6854.8231200850805,174.08516408019034
1357,3886838.9380826834,0.2232,6854.8231200850805,174.14152948399118
1358,3890060.6634800443,0.2232,6854.8231200850805,174.28587201971524
1359,3890824.3745815502,0.2232,6854.8231200850805,174.32008846691534
1360,3890876.536684279,0.2232,6854.8231200850805,174.32242547868634
1361,3893522.1465198253,0.2232,6854.8231200850805,174.44095638529683
1362,3894148.8109273217,0.2232,6854.8231200850805,174.46903274763986
1363,3895444.9936482655,0.2232,6854.8231200850805,174.5271054501911
1364,3897007.860194625,0.2232,6854.8231200850805,174.5971263528058
1365,3897545.255356217,0.2232,6854.8231200850805,174.6212031969631
1366,3900160.5204446306,0.2232,6854.8231200850805,174.73837457189205
1367,3900613.07924478,0.2232,6854.8231200850805,174.75865050379838
1368,3900782.5907932445,0.2232,6854.8231200850805,174.76624510722422
1369,3901278.815784241,0.2232,6854.8231200850805,174.78847740968823
1370,3902390.9471852574,0.2232,6854.8231200850805,174.838304085361
1371,3904093.7287921286,0.2232,6854.8231200850805,174.91459358387672
1372,3904409.361687998,0.2232,6854.8231200850805,174.92873484265223
1373,3904884.357198044,0.2232,6854.8231200850805,174.95001600349661
1374,3905251.0461841975,0.2232,6854.8231200850805,174.96644472151422
1375,3905348.9307579873,0.2232,6854.8231200850805,174.97083023109263
1376,3905848.044341917,0.2232,6854.8231200850805,174.99319195080275
1377,3906088.488486957,0.2232,6854.8231200850805,175.0039645379461
1378,3906711.560354882,0.22321,6854.8231200850805,175.02403836543533
1379,3908451.1849445594,0.22323,6854.8231200850805,175.0862870109107
1380,3909318.650189966,0.22324,6854.8231200850805,175.1173020153183
1381,3911389.356299125,0.22328,6854.8231200850805,175.17867056158747
1382,3913120.007848758,0.22331,6854.8231200850805,175.23263659705154
1383,3913198.9310017712,0.22331,6854.8231200850805,175.23617083882365
1384,3917240.073233157,0.22335,6854.8231200850805,175.38572076262176
1385,3920545.01325715,0.22339,6854.8231200850805,175.50226121389275
1386,3922647.8544468833,0.22341,6854.8231200850805,175.5806747436052
1387,3926231.6535287704,0.22343,6854.8231200850805,175.72535709299424
1388,3928473.3503529527,0.22344,6854.8231200850805,175.81781911712105
1389,3929144.774795905,0.22344,6854.8231200850805,175.84786854618267
1390,3930971.979949633,0.22346,6854.8231200850805,175.91389868207435
1391,3934297.3259459455,0.22348,6854.8231200850805,176.04695390844574
1392,3934839.6070689834,0.22348,6854.8231200850805,176.07121921733415
1393,3935367.887685369,0.22348,6854.8231200850805,176.09485804928266
1394,3938325.069949418,0.2235,6854.8231200850805,176.21141252570104
1395,3939370.5205238014,0.22351,6854.8231200850805,176.25030291816032
1396,3940572.6212410894,0.22352,6854.8231200850805,176.29619815860278
1397,3942068.773906373,0.22352,6854.8231200850805,176.36313412251133
1398,3943690.8927347055,0.22353,6854.8231200850805,176.42781249651972
1399,3944403.711844363,0.22353,6854.8231200850805,176.45970168855916
